,name,price,productCode,thumbnailUrl,exampleImageUrl,description,rating,stock,categoryId,createdAt
0,bonbons sucrés,78.12805933519155,A0,https://images.unsplash.com/photo-1517705008128-361805f42e86?ixlib=rb-4.0.3&ixid=MnwxMjA3fDB8MHxzZWFyY2h8MjB8fGNoYWlyfGVufDB8fDB8fA%3D%3D&auto=format&fit=crop&w=500&q=60,https://images.unsplash.com/photo-1586023492125-27b2c045efd7?ixlib=rb-4.0.3&ixid=MnwxMjA3fDB8MHxzZWFyY2h8MTh8fGNoYWlyfGVufDB8fDB8fA%3D%3D&auto=format&fit=crop&w=500&q=60,Protect former more remember minute city shoulder. Represent role sure region less everybody. Rise teach heavy century care.,3,8,1,2022-02-09 05:37:29.713365
1, somnolente,55.47844033170804,A1,https://images.unsplash.com/photo-1517705008128-361805f42e86?ixlib=rb-4.0.3&ixid=MnwxMjA3fDB8MHxzZWFyY2h8MjB8fGNoYWlyfGVufDB8fDB8fA%3D%3D&auto=format&fit=crop&w=500&q=60,https://images.unsplash.com/photo-1586023492125-27b2c045efd7?ixlib=rb-4.0.3&ixid=MnwxMjA3fDB8MHxzZWFyY2h8MTh8fGNoYWlyfGVufDB8fDB8fA%3D%3D&auto=format&fit=crop&w=500&q=60,"Let treat ok culture serve push much serious. Ahead choice ever just. Class rock contain again seem east.
World else strategy draw.",0,4,1,2022-02-04 05:37:29.713365
2, épicée,89.21643002097562,A2,https://images.unsplash.com/photo-1517705008128-361805f42e86?ixlib=rb-4.0.3&ixid=MnwxMjA3fDB8MHxzZWFyY2h8MjB8fGNoYWlyfGVufDB8fDB8fA%3D%3D&auto=format&fit=crop&w=500&q=60,https://images.unsplash.com/photo-1586023492125-27b2c045efd7?ixlib=rb-4.0.3&ixid=MnwxMjA3fDB8MHxzZWFyY2h8MTh8fGNoYWlyfGVufDB8fDB8fA%3D%3D&auto=format&fit=crop&w=500&q=60,Seem enough sell and age more item sound. What study question.,5,5,1,2021-12-10 05:37:29.713365
3, chaussures,6.917959405935658,A3,https://images.unsplash.com/photo-1517705008128-361805f42e86?ixlib=rb-4.0.3&ixid=MnwxMjA3fDB8MHxzZWFyY2h8MjB8fGNoYWlyfGVufDB8fDB8fA%3D%3D&auto=format&fit=crop&w=500&q=60,https://images.unsplash.com/photo-1586023492125-27b2c045efd7?ixlib=rb-4.0.3&ixid=MnwxMjA3fDB8MHxzZWFyY2h8MTh8fGNoYWlyfGVufDB8fDB8fA%3D%3D&auto=format&fit=crop&w=500&q=60,"Degree once air represent always should entire. National almost decade would compare nor or. Peace share building professional miss.
Find vote civil some.",4,4,1,2020-06-12 05:37:29.713365
4, clavier rigide,83.7629302408749,A4,https://images.unsplash.com/photo-1517705008128-361805f42e86?ixlib=rb-4.0.3&ixid=MnwxMjA3fDB8MHxzZWFyY2h8MjB8fGNoYWlyfGVufDB8fDB8fA%3D%3D&auto=format&fit=crop&w=500&q=60,https://images.unsplash.com/photo-1586023492125-27b2c045efd7?ixlib=rb-4.0.3&ixid=MnwxMjA3fDB8MHxzZWFyY2h8MTh8fGNoYWlyfGVufDB8fDB8fA%3D%3D&auto=format&fit=crop&w=500&q=60,Admit discover nearly bed trip sort specific. Turn then TV a everybody. Me head identify approach.,4,2,1,2020-12-31 05:37:29.713365
5, dossier compliqué,13.056321684137263,A5,https://images.unsplash.com/photo-1517705008128-361805f42e86?ixlib=rb-4.0.3&ixid=MnwxMjA3fDB8MHxzZWFyY2h8MjB8fGNoYWlyfGVufDB8fDB8fA%3D%3D&auto=format&fit=crop&w=500&q=60,https://images.unsplash.com/photo-1586023492125-27b2c045efd7?ixlib=rb-4.0.3&ixid=MnwxMjA3fDB8MHxzZWFyY2h8MTh8fGNoYWlyfGVufDB8fDB8fA%3D%3D&auto=format&fit=crop&w=500&q=60,"Her instead fund each fire daughter. Sister mention want tree. Where college according.
American popular thing thing. Bring future stage car character fast.",1,2,1,2021-12-21 05:37:29.713365
6, votre langue,75.45241863432098,A6,https://images.unsplash.com/photo-1517705008128-361805f42e86?ixlib=rb-4.0.3&ixid=MnwxMjA3fDB8MHxzZWFyY2h8MjB8fGNoYWlyfGVufDB8fDB8fA%3D%3D&auto=format&fit=crop&w=500&q=60,https://images.unsplash.com/photo-1586023492125-27b2c045efd7?ixlib=rb-4.0.3&ixid=MnwxMjA3fDB8MHxzZWFyY2h8MTh8fGNoYWlyfGVufDB8fDB8fA%3D%3D&auto=format&fit=crop&w=500&q=60,"Popular affect gun minute me. Produce stage middle administration city around career rich.
Reality benefit sign health wrong. And standard participant agree what.",5,5,1,2022-06-14 05:37:29.713365
7, mon téléphone,18.042823445593402,A7,https://images.unsplash.com/photo-1517705008128-361805f42e86?ixlib=rb-4.0.3&ixid=MnwxMjA3fDB8MHxzZWFyY2h8MjB8fGNoYWlyfGVufDB8fDB8fA%3D%3D&auto=format&fit=crop&w=500&q=60,https://images.unsplash.com/photo-1586023492125-27b2c045efd7?ixlib=rb-4.0.3&ixid=MnwxMjA3fDB8MHxzZWFyY2h8MTh8fGNoYWlyfGVufDB8fDB8fA%3D%3D&auto=format&fit=crop&w=500&q=60,Analysis line child notice wall admit notice. Security great throughout account family. Should our finish baby.,1,4,1,2021-12-16 05:37:29.713365
8, mon cœur,38.72572232024359,A8,https://images.unsplash.com/photo-1517705008128-361805f42e86?ixlib=rb-4.0.3&ixid=MnwxMjA3fDB8MHxzZWFyY2h8MjB8fGNoYWlyfGVufDB8fDB8fA%3D%3D&auto=format&fit=crop&w=500&q=60,https://images.unsplash.com/photo-1586023492125-27b2c045efd7?ixlib=rb-4.0.3&ixid=MnwxMjA3fDB8MHxzZWFyY2h8MTh8fGNoYWlyfGVufDB8fDB8fA%3D%3D&auto=format&fit=crop&w=500&q=60,"Market seem statement know. Toward trip see.
Fish tend rate others music television. Mrs person election white side strong central bank.",1,8,1,2020-05-11 05:37:29.713365
9, mari mignon,68.1597287461816,A9,https://images.unsplash.com/photo-1517705008128-361805f42e86?ixlib=rb-4.0.3&ixid=MnwxMjA3fDB8MHxzZWFyY2h8MjB8fGNoYWlyfGVufDB8fDB8fA%3D%3D&auto=format&fit=crop&w=500&q=60,https://images.unsplash.com/photo-1586023492125-27b2c045efd7?ixlib=rb-4.0.3&ixid=MnwxMjA3fDB8MHxzZWFyY2h8MTh8fGNoYWlyfGVufDB8fDB8fA%3D%3D&auto=format&fit=crop&w=500&q=60,"Hour TV large name organization reach concern.
Force set religious stay until each listen.
Bag trip here debate single choice ground. Issue hotel appear door meet city trade.",2,10,1,2021-09-15 05:37:29.713365
10, j'ai couru,40.09566350554945,A10,https://images.unsplash.com/photo-1517705008128-361805f42e86?ixlib=rb-4.0.3&ixid=MnwxMjA3fDB8MHxzZWFyY2h8MjB8fGNoYWlyfGVufDB8fDB8fA%3D%3D&auto=format&fit=crop&w=500&q=60,https://images.unsplash.com/photo-1586023492125-27b2c045efd7?ixlib=rb-4.0.3&ixid=MnwxMjA3fDB8MHxzZWFyY2h8MTh8fGNoYWlyfGVufDB8fDB8fA%3D%3D&auto=format&fit=crop&w=500&q=60,"Thing environmental body east. Factor return foreign performance word and structure. Ground happen benefit nothing pattern local.
School quickly system enter.",3,0,1,2022-01-10 05:37:29.713365
11, crème glacée,31.44467195016103,A11,https://images.unsplash.com/photo-1517705008128-361805f42e86?ixlib=rb-4.0.3&ixid=MnwxMjA3fDB8MHxzZWFyY2h8MjB8fGNoYWlyfGVufDB8fDB8fA%3D%3D&auto=format&fit=crop&w=500&q=60,https://images.unsplash.com/photo-1586023492125-27b2c045efd7?ixlib=rb-4.0.3&ixid=MnwxMjA3fDB8MHxzZWFyY2h8MTh8fGNoYWlyfGVufDB8fDB8fA%3D%3D&auto=format&fit=crop&w=500&q=60,"Despite different if real simple article. Real ball really boy might occur. Require shake visit.
Red financial our road. Data age main big. Believe nothing offer table head music building.",3,5,1,2020-04-01 05:37:29.713365
12, latte vanille,13.739606294187634,A12,https://images.unsplash.com/photo-1517705008128-361805f42e86?ixlib=rb-4.0.3&ixid=MnwxMjA3fDB8MHxzZWFyY2h8MjB8fGNoYWlyfGVufDB8fDB8fA%3D%3D&auto=format&fit=crop&w=500&q=60,https://images.unsplash.com/photo-1586023492125-27b2c045efd7?ixlib=rb-4.0.3&ixid=MnwxMjA3fDB8MHxzZWFyY2h8MTh8fGNoYWlyfGVufDB8fDB8fA%3D%3D&auto=format&fit=crop&w=500&q=60,"Admit whether special usually environmental range. Bag continue wide participant cultural safe. Majority college bag fish continue rock.
Item language kitchen. Book by operation special commercial.",0,3,1,2022-11-10 05:37:29.713365
13, trois livres,81.04391024786537,A13,https://images.unsplash.com/photo-1517705008128-361805f42e86?ixlib=rb-4.0.3&ixid=MnwxMjA3fDB8MHxzZWFyY2h8MjB8fGNoYWlyfGVufDB8fDB8fA%3D%3D&auto=format&fit=crop&w=500&q=60,https://images.unsplash.com/photo-1586023492125-27b2c045efd7?ixlib=rb-4.0.3&ixid=MnwxMjA3fDB8MHxzZWFyY2h8MTh8fGNoYWlyfGVufDB8fDB8fA%3D%3D&auto=format&fit=crop&w=500&q=60,"Behavior only view drop alone spend. Guy onto agent ball beyond win end.
Officer environment be article when keep room.
Carry military arm cup sing argue.",2,5,1,2022-02-19 05:37:29.713365
14, mauvais yeux,31.572431695709792,A14,https://images.unsplash.com/photo-1517705008128-361805f42e86?ixlib=rb-4.0.3&ixid=MnwxMjA3fDB8MHxzZWFyY2h8MjB8fGNoYWlyfGVufDB8fDB8fA%3D%3D&auto=format&fit=crop&w=500&q=60,https://images.unsplash.com/photo-1586023492125-27b2c045efd7?ixlib=rb-4.0.3&ixid=MnwxMjA3fDB8MHxzZWFyY2h8MTh8fGNoYWlyfGVufDB8fDB8fA%3D%3D&auto=format&fit=crop&w=500&q=60,Sometimes natural single can agreement away. Mrs house above. Sign just guess ever doctor magazine body.,1,1,1,2022-06-23 05:37:29.713365
15, tableau blanc,36.73982116746545,A15,https://images.unsplash.com/photo-1517705008128-361805f42e86?ixlib=rb-4.0.3&ixid=MnwxMjA3fDB8MHxzZWFyY2h8MjB8fGNoYWlyfGVufDB8fDB8fA%3D%3D&auto=format&fit=crop&w=500&q=60,https://images.unsplash.com/photo-1586023492125-27b2c045efd7?ixlib=rb-4.0.3&ixid=MnwxMjA3fDB8MHxzZWFyY2h8MTh8fGNoYWlyfGVufDB8fDB8fA%3D%3D&auto=format&fit=crop&w=500&q=60,"Until point finally film. Factor ever visit many environment member.
Executive nice section collection perhaps. Away policy career spend happen I effort budget.",0,8,1,2021-01-18 05:37:29.713365
16, tasse de thé,76.07611602702458,A16,https://images.unsplash.com/photo-1517705008128-361805f42e86?ixlib=rb-4.0.3&ixid=MnwxMjA3fDB8MHxzZWFyY2h8MjB8fGNoYWlyfGVufDB8fDB8fA%3D%3D&auto=format&fit=crop&w=500&q=60,https://images.unsplash.com/photo-1586023492125-27b2c045efd7?ixlib=rb-4.0.3&ixid=MnwxMjA3fDB8MHxzZWFyY2h8MTh8fGNoYWlyfGVufDB8fDB8fA%3D%3D&auto=format&fit=crop&w=500&q=60,Seat with buy on nature bag national. Billion mission chair cup watch least. Soon person drive style heart lot. Drug floor evening about.,3,4,1,2021-04-05 05:37:29.713365
17, doigts gelés,72.0586962716486,A17,https://images.unsplash.com/photo-1517705008128-361805f42e86?ixlib=rb-4.0.3&ixid=MnwxMjA3fDB8MHxzZWFyY2h8MjB8fGNoYWlyfGVufDB8fDB8fA%3D%3D&auto=format&fit=crop&w=500&q=60,https://images.unsplash.com/photo-1586023492125-27b2c045efd7?ixlib=rb-4.0.3&ixid=MnwxMjA3fDB8MHxzZWFyY2h8MTh8fGNoYWlyfGVufDB8fDB8fA%3D%3D&auto=format&fit=crop&w=500&q=60,Body generation strategy. Pick others early bit. Scientist kind matter group car ready everything. Guy begin that move.,5,9,1,2020-03-30 05:37:29.713365
18, mon pantalon,70.48791965343246,A18,https://images.unsplash.com/photo-1517705008128-361805f42e86?ixlib=rb-4.0.3&ixid=MnwxMjA3fDB8MHxzZWFyY2h8MjB8fGNoYWlyfGVufDB8fDB8fA%3D%3D&auto=format&fit=crop&w=500&q=60,https://images.unsplash.com/photo-1586023492125-27b2c045efd7?ixlib=rb-4.0.3&ixid=MnwxMjA3fDB8MHxzZWFyY2h8MTh8fGNoYWlyfGVufDB8fDB8fA%3D%3D&auto=format&fit=crop&w=500&q=60,Friend identify law catch shoulder control. Appear sort assume middle. Same increase whether word.,4,7,1,2022-07-04 05:37:29.713365
19, Je te vois,43.82782765593613,A19,https://images.unsplash.com/photo-1517705008128-361805f42e86?ixlib=rb-4.0.3&ixid=MnwxMjA3fDB8MHxzZWFyY2h8MjB8fGNoYWlyfGVufDB8fDB8fA%3D%3D&auto=format&fit=crop&w=500&q=60,https://images.unsplash.com/photo-1586023492125-27b2c045efd7?ixlib=rb-4.0.3&ixid=MnwxMjA3fDB8MHxzZWFyY2h8MTh8fGNoYWlyfGVufDB8fDB8fA%3D%3D&auto=format&fit=crop&w=500&q=60,"Cold could save wish. Find this key four hold student born. Behind within party.
Total eat rate fact help same. Economy bank fall look bring several foot. Yourself because focus series PM.",2,6,1,2021-06-10 05:37:29.713365
20, montre chère,7.98608042488681,A20,https://images.unsplash.com/photo-1517705008128-361805f42e86?ixlib=rb-4.0.3&ixid=MnwxMjA3fDB8MHxzZWFyY2h8MjB8fGNoYWlyfGVufDB8fDB8fA%3D%3D&auto=format&fit=crop&w=500&q=60,https://images.unsplash.com/photo-1586023492125-27b2c045efd7?ixlib=rb-4.0.3&ixid=MnwxMjA3fDB8MHxzZWFyY2h8MTh8fGNoYWlyfGVufDB8fDB8fA%3D%3D&auto=format&fit=crop&w=500&q=60,"President final option same nice when report hand. System job upon inside safe get.
Member edge economy could realize.
Common list recent allow. Office leave stage under tend step process.",5,5,1,2022-09-21 05:37:29.713365
21, écouteurs,10.044384648488391,A21,https://images.unsplash.com/photo-1517705008128-361805f42e86?ixlib=rb-4.0.3&ixid=MnwxMjA3fDB8MHxzZWFyY2h8MjB8fGNoYWlyfGVufDB8fDB8fA%3D%3D&auto=format&fit=crop&w=500&q=60,https://images.unsplash.com/photo-1586023492125-27b2c045efd7?ixlib=rb-4.0.3&ixid=MnwxMjA3fDB8MHxzZWFyY2h8MTh8fGNoYWlyfGVufDB8fDB8fA%3D%3D&auto=format&fit=crop&w=500&q=60,Method moment go order house affect up this. Next if sound fall state. Phone notice strong outside cut.,4,4,1,2021-09-01 05:37:29.713365
22, jolie femme,84.06546972377346,A22,https://images.unsplash.com/photo-1517705008128-361805f42e86?ixlib=rb-4.0.3&ixid=MnwxMjA3fDB8MHxzZWFyY2h8MjB8fGNoYWlyfGVufDB8fDB8fA%3D%3D&auto=format&fit=crop&w=500&q=60,https://images.unsplash.com/photo-1586023492125-27b2c045efd7?ixlib=rb-4.0.3&ixid=MnwxMjA3fDB8MHxzZWFyY2h8MTh8fGNoYWlyfGVufDB8fDB8fA%3D%3D&auto=format&fit=crop&w=500&q=60,Expert different buy during particularly. None company if sound. Case prepare arrive beat color radio state.,5,8,1,2022-01-02 05:37:29.713365
23, bel homme,83.00673686517632,A23,https://images.unsplash.com/photo-1517705008128-361805f42e86?ixlib=rb-4.0.3&ixid=MnwxMjA3fDB8MHxzZWFyY2h8MjB8fGNoYWlyfGVufDB8fDB8fA%3D%3D&auto=format&fit=crop&w=500&q=60,https://images.unsplash.com/photo-1586023492125-27b2c045efd7?ixlib=rb-4.0.3&ixid=MnwxMjA3fDB8MHxzZWFyY2h8MTh8fGNoYWlyfGVufDB8fDB8fA%3D%3D&auto=format&fit=crop&w=500&q=60,Also care receive front score myself product. Field like enough growth peace network. Out good follow article fear challenge factor. Simply recognize owner buy.,4,4,1,2022-03-26 05:37:29.713365
24, écouter de la musique,10.444220805375071,A24,https://images.unsplash.com/photo-1517705008128-361805f42e86?ixlib=rb-4.0.3&ixid=MnwxMjA3fDB8MHxzZWFyY2h8MjB8fGNoYWlyfGVufDB8fDB8fA%3D%3D&auto=format&fit=crop&w=500&q=60,https://images.unsplash.com/photo-1586023492125-27b2c045efd7?ixlib=rb-4.0.3&ixid=MnwxMjA3fDB8MHxzZWFyY2h8MTh8fGNoYWlyfGVufDB8fDB8fA%3D%3D&auto=format&fit=crop&w=500&q=60,"Type gas black star identify manager. Option create green defense. Total church doctor need.
Road focus color. Field box sea deal identify information lay.",2,1,1,2021-02-13 05:37:29.713365
25, nourriture dégoûtante,85.48573425107303,A25,https://images.unsplash.com/photo-1517705008128-361805f42e86?ixlib=rb-4.0.3&ixid=MnwxMjA3fDB8MHxzZWFyY2h8MjB8fGNoYWlyfGVufDB8fDB8fA%3D%3D&auto=format&fit=crop&w=500&q=60,https://images.unsplash.com/photo-1586023492125-27b2c045efd7?ixlib=rb-4.0.3&ixid=MnwxMjA3fDB8MHxzZWFyY2h8MTh8fGNoYWlyfGVufDB8fDB8fA%3D%3D&auto=format&fit=crop&w=500&q=60,Clearly soldier center strong chair result. Hospital experience center growth firm. Billion group six artist accept.,0,4,1,2022-01-31 05:37:29.713365
26, sauter,7.00335177014253,B0,https://images.unsplash.com/photo-1517705008128-361805f42e86?ixlib=rb-4.0.3&ixid=MnwxMjA3fDB8MHxzZWFyY2h8MjB8fGNoYWlyfGVufDB8fDB8fA%3D%3D&auto=format&fit=crop&w=500&q=60,https://images.unsplash.com/photo-1586023492125-27b2c045efd7?ixlib=rb-4.0.3&ixid=MnwxMjA3fDB8MHxzZWFyY2h8MTh8fGNoYWlyfGVufDB8fDB8fA%3D%3D&auto=format&fit=crop&w=500&q=60,Box society magazine. Specific democratic state Congress fish after month. Year could then eight. Follow sound heart throw success detail.,0,5,2,2022-11-30 05:37:29.713365
27, tomber,84.87453851187004,B1,https://images.unsplash.com/photo-1517705008128-361805f42e86?ixlib=rb-4.0.3&ixid=MnwxMjA3fDB8MHxzZWFyY2h8MjB8fGNoYWlyfGVufDB8fDB8fA%3D%3D&auto=format&fit=crop&w=500&q=60,https://images.unsplash.com/photo-1586023492125-27b2c045efd7?ixlib=rb-4.0.3&ixid=MnwxMjA3fDB8MHxzZWFyY2h8MTh8fGNoYWlyfGVufDB8fDB8fA%3D%3D&auto=format&fit=crop&w=500&q=60,Together quickly fact position second fast soon. Matter sing spring admit theory.,2,4,2,2021-05-24 05:37:29.713365
28, salle de bain,93.05599278764475,B2,https://images.unsplash.com/photo-1517705008128-361805f42e86?ixlib=rb-4.0.3&ixid=MnwxMjA3fDB8MHxzZWFyY2h8MjB8fGNoYWlyfGVufDB8fDB8fA%3D%3D&auto=format&fit=crop&w=500&q=60,https://images.unsplash.com/photo-1586023492125-27b2c045efd7?ixlib=rb-4.0.3&ixid=MnwxMjA3fDB8MHxzZWFyY2h8MTh8fGNoYWlyfGVufDB8fDB8fA%3D%3D&auto=format&fit=crop&w=500&q=60,Organization commercial meet me wish their. Pull here fish recent kid traditional successful. Drive power explain real.,5,1,2,2020-03-01 05:37:29.713365
29, chef-d'œuvre,7.161536906366495,B3,https://images.unsplash.com/photo-1517705008128-361805f42e86?ixlib=rb-4.0.3&ixid=MnwxMjA3fDB8MHxzZWFyY2h8MjB8fGNoYWlyfGVufDB8fDB8fA%3D%3D&auto=format&fit=crop&w=500&q=60,https://images.unsplash.com/photo-1586023492125-27b2c045efd7?ixlib=rb-4.0.3&ixid=MnwxMjA3fDB8MHxzZWFyY2h8MTh8fGNoYWlyfGVufDB8fDB8fA%3D%3D&auto=format&fit=crop&w=500&q=60,"Almost very surface bed still fight check. Animal become among return sell. Present oil main firm smile study.
Pretty left away together. Offer blood someone eight unit student.",2,0,2,2020-05-13 05:37:29.713365
30, attend,0.4166447228221015,B4,https://images.unsplash.com/photo-1517705008128-361805f42e86?ixlib=rb-4.0.3&ixid=MnwxMjA3fDB8MHxzZWFyY2h8MjB8fGNoYWlyfGVufDB8fDB8fA%3D%3D&auto=format&fit=crop&w=500&q=60,https://images.unsplash.com/photo-1586023492125-27b2c045efd7?ixlib=rb-4.0.3&ixid=MnwxMjA3fDB8MHxzZWFyY2h8MTh8fGNoYWlyfGVufDB8fDB8fA%3D%3D&auto=format&fit=crop&w=500&q=60,"Without rate mission certainly father however try meet. Southern surface step.
Line guess possible. Always group apply begin. Option they whose think defense.",3,9,2,2020-07-26 05:37:29.713365
31, verre,45.538515051040804,B5,https://images.unsplash.com/photo-1517705008128-361805f42e86?ixlib=rb-4.0.3&ixid=MnwxMjA3fDB8MHxzZWFyY2h8MjB8fGNoYWlyfGVufDB8fDB8fA%3D%3D&auto=format&fit=crop&w=500&q=60,https://images.unsplash.com/photo-1586023492125-27b2c045efd7?ixlib=rb-4.0.3&ixid=MnwxMjA3fDB8MHxzZWFyY2h8MTh8fGNoYWlyfGVufDB8fDB8fA%3D%3D&auto=format&fit=crop&w=500&q=60,Hard Mrs add. Kitchen walk anyone raise. Glass ground reach role another final under usually.,4,5,2,2020-05-10 05:37:29.713365
32, fête,29.962483506458614,B6,https://images.unsplash.com/photo-1517705008128-361805f42e86?ixlib=rb-4.0.3&ixid=MnwxMjA3fDB8MHxzZWFyY2h8MjB8fGNoYWlyfGVufDB8fDB8fA%3D%3D&auto=format&fit=crop&w=500&q=60,https://images.unsplash.com/photo-1586023492125-27b2c045efd7?ixlib=rb-4.0.3&ixid=MnwxMjA3fDB8MHxzZWFyY2h8MTh8fGNoYWlyfGVufDB8fDB8fA%3D%3D&auto=format&fit=crop&w=500&q=60,At police former respond. Help finish one him. Order himself source reflect tend subject.,5,6,2,2022-09-23 05:37:29.713365
33, voulons,42.25835680273238,B7,https://images.unsplash.com/photo-1517705008128-361805f42e86?ixlib=rb-4.0.3&ixid=MnwxMjA3fDB8MHxzZWFyY2h8MjB8fGNoYWlyfGVufDB8fDB8fA%3D%3D&auto=format&fit=crop&w=500&q=60,https://images.unsplash.com/photo-1586023492125-27b2c045efd7?ixlib=rb-4.0.3&ixid=MnwxMjA3fDB8MHxzZWFyY2h8MTh8fGNoYWlyfGVufDB8fDB8fA%3D%3D&auto=format&fit=crop&w=500&q=60,"Be forget it suffer. Water exactly cell stop shake miss. Window total reveal trial oil. Table under nation fly understand until into plan.
Huge worry sometimes give.",5,5,2,2022-01-16 05:37:29.713365
34, bataille,93.23978667171782,B8,https://images.unsplash.com/photo-1517705008128-361805f42e86?ixlib=rb-4.0.3&ixid=MnwxMjA3fDB8MHxzZWFyY2h8MjB8fGNoYWlyfGVufDB8fDB8fA%3D%3D&auto=format&fit=crop&w=500&q=60,https://images.unsplash.com/photo-1586023492125-27b2c045efd7?ixlib=rb-4.0.3&ixid=MnwxMjA3fDB8MHxzZWFyY2h8MTh8fGNoYWlyfGVufDB8fDB8fA%3D%3D&auto=format&fit=crop&w=500&q=60,"Fight style space middle Congress perform item. Candidate lay should season agency save nearly. Agreement sell item.
Them executive company talk space activity heart. Contain easy cell institution.",0,8,2,2019-12-20 05:37:29.713365
35, chouchou,14.292619214968616,B9,https://images.unsplash.com/photo-1517705008128-361805f42e86?ixlib=rb-4.0.3&ixid=MnwxMjA3fDB8MHxzZWFyY2h8MjB8fGNoYWlyfGVufDB8fDB8fA%3D%3D&auto=format&fit=crop&w=500&q=60,https://images.unsplash.com/photo-1586023492125-27b2c045efd7?ixlib=rb-4.0.3&ixid=MnwxMjA3fDB8MHxzZWFyY2h8MTh8fGNoYWlyfGVufDB8fDB8fA%3D%3D&auto=format&fit=crop&w=500&q=60,"With similar growth cold very meeting. Life news remain.
According yet fine direction see Mr loss believe. Month throughout which center will. World option officer size less.",2,6,2,2020-02-25 05:37:29.713365
36, décolleté,43.43755781517399,B10,https://images.unsplash.com/photo-1517705008128-361805f42e86?ixlib=rb-4.0.3&ixid=MnwxMjA3fDB8MHxzZWFyY2h8MjB8fGNoYWlyfGVufDB8fDB8fA%3D%3D&auto=format&fit=crop&w=500&q=60,https://images.unsplash.com/photo-1586023492125-27b2c045efd7?ixlib=rb-4.0.3&ixid=MnwxMjA3fDB8MHxzZWFyY2h8MTh8fGNoYWlyfGVufDB8fDB8fA%3D%3D&auto=format&fit=crop&w=500&q=60,"Name else this result. Development approach resource follow.
Happy also I brother. Lot ten people family. Decide less such forget event page gun.",4,1,2,2021-12-06 05:37:29.713365
37, incroyable,47.32515868784238,B11,https://images.unsplash.com/photo-1517705008128-361805f42e86?ixlib=rb-4.0.3&ixid=MnwxMjA3fDB8MHxzZWFyY2h8MjB8fGNoYWlyfGVufDB8fDB8fA%3D%3D&auto=format&fit=crop&w=500&q=60,https://images.unsplash.com/photo-1586023492125-27b2c045efd7?ixlib=rb-4.0.3&ixid=MnwxMjA3fDB8MHxzZWFyY2h8MTh8fGNoYWlyfGVufDB8fDB8fA%3D%3D&auto=format&fit=crop&w=500&q=60,"Room strong after almost. Home wish big me.
Wrong hope real. Decision everybody most newspaper star road. Send history analysis hotel career.",1,6,2,2020-11-03 05:37:29.713365
38, Magnifique,2.9471984618630875,B12,https://images.unsplash.com/photo-1517705008128-361805f42e86?ixlib=rb-4.0.3&ixid=MnwxMjA3fDB8MHxzZWFyY2h8MjB8fGNoYWlyfGVufDB8fDB8fA%3D%3D&auto=format&fit=crop&w=500&q=60,https://images.unsplash.com/photo-1586023492125-27b2c045efd7?ixlib=rb-4.0.3&ixid=MnwxMjA3fDB8MHxzZWFyY2h8MTh8fGNoYWlyfGVufDB8fDB8fA%3D%3D&auto=format&fit=crop&w=500&q=60,Statement will question enough. Available and participant. Strategy former matter candidate hear hospital. Stop fast what partner big sort father.,3,0,2,2021-04-15 05:37:29.713365
39, Mélange,91.09983871715639,B13,https://images.unsplash.com/photo-1517705008128-361805f42e86?ixlib=rb-4.0.3&ixid=MnwxMjA3fDB8MHxzZWFyY2h8MjB8fGNoYWlyfGVufDB8fDB8fA%3D%3D&auto=format&fit=crop&w=500&q=60,https://images.unsplash.com/photo-1586023492125-27b2c045efd7?ixlib=rb-4.0.3&ixid=MnwxMjA3fDB8MHxzZWFyY2h8MTh8fGNoYWlyfGVufDB8fDB8fA%3D%3D&auto=format&fit=crop&w=500&q=60,Enough movement sell against body mean four. Pay already recognize financial minute why carry room. Will arm top husband foreign seek design.,5,2,2,2021-10-30 05:37:29.713365
40, Papillon,44.512468702152844,B14,https://images.unsplash.com/photo-1517705008128-361805f42e86?ixlib=rb-4.0.3&ixid=MnwxMjA3fDB8MHxzZWFyY2h8MjB8fGNoYWlyfGVufDB8fDB8fA%3D%3D&auto=format&fit=crop&w=500&q=60,https://images.unsplash.com/photo-1586023492125-27b2c045efd7?ixlib=rb-4.0.3&ixid=MnwxMjA3fDB8MHxzZWFyY2h8MTh8fGNoYWlyfGVufDB8fDB8fA%3D%3D&auto=format&fit=crop&w=500&q=60,"While purpose card city have. Paper international food thank. Budget happy hot theory yourself.
Culture future style. Fly office pressure light yeah who occur.",1,0,2,2022-04-16 05:37:29.713365
41, Parapluie,51.77642564032867,B15,https://images.unsplash.com/photo-1517705008128-361805f42e86?ixlib=rb-4.0.3&ixid=MnwxMjA3fDB8MHxzZWFyY2h8MjB8fGNoYWlyfGVufDB8fDB8fA%3D%3D&auto=format&fit=crop&w=500&q=60,https://images.unsplash.com/photo-1586023492125-27b2c045efd7?ixlib=rb-4.0.3&ixid=MnwxMjA3fDB8MHxzZWFyY2h8MTh8fGNoYWlyfGVufDB8fDB8fA%3D%3D&auto=format&fit=crop&w=500&q=60,"Well society course become. Physical than check avoid hope tend building.
Pick off another than.",4,8,2,2021-05-24 05:37:29.713365
42, Silhouette,25.391207229691016,B16,https://images.unsplash.com/photo-1517705008128-361805f42e86?ixlib=rb-4.0.3&ixid=MnwxMjA3fDB8MHxzZWFyY2h8MjB8fGNoYWlyfGVufDB8fDB8fA%3D%3D&auto=format&fit=crop&w=500&q=60,https://images.unsplash.com/photo-1586023492125-27b2c045efd7?ixlib=rb-4.0.3&ixid=MnwxMjA3fDB8MHxzZWFyY2h8MTh8fGNoYWlyfGVufDB8fDB8fA%3D%3D&auto=format&fit=crop&w=500&q=60,"Little building attorney pull rock computer level.
Box sense base fire already receive although. Behavior local item foot attention. Debate career direction memory defense.",2,5,2,2021-06-26 05:37:29.713365
43, Douceur,82.2145837760472,B17,https://images.unsplash.com/photo-1517705008128-361805f42e86?ixlib=rb-4.0.3&ixid=MnwxMjA3fDB8MHxzZWFyY2h8MjB8fGNoYWlyfGVufDB8fDB8fA%3D%3D&auto=format&fit=crop&w=500&q=60,https://images.unsplash.com/photo-1586023492125-27b2c045efd7?ixlib=rb-4.0.3&ixid=MnwxMjA3fDB8MHxzZWFyY2h8MTh8fGNoYWlyfGVufDB8fDB8fA%3D%3D&auto=format&fit=crop&w=500&q=60,"Everything serious future add. Time religious four chair picture dog.
Its sing major really. Five Republican writer between foreign stage buy.",4,4,2,2021-07-09 05:37:29.713365
44, le journal,32.03370619407262,B18,https://images.unsplash.com/photo-1517705008128-361805f42e86?ixlib=rb-4.0.3&ixid=MnwxMjA3fDB8MHxzZWFyY2h8MjB8fGNoYWlyfGVufDB8fDB8fA%3D%3D&auto=format&fit=crop&w=500&q=60,https://images.unsplash.com/photo-1586023492125-27b2c045efd7?ixlib=rb-4.0.3&ixid=MnwxMjA3fDB8MHxzZWFyY2h8MTh8fGNoYWlyfGVufDB8fDB8fA%3D%3D&auto=format&fit=crop&w=500&q=60,"Ready question can energy play wait sometimes standard. Staff industry arrive. Bit hotel performance. Bring party marriage.
Either recently indicate market season.",5,6,2,2022-07-07 05:37:29.713365
45, Feuilleter,51.31394115750499,B19,https://images.unsplash.com/photo-1517705008128-361805f42e86?ixlib=rb-4.0.3&ixid=MnwxMjA3fDB8MHxzZWFyY2h8MjB8fGNoYWlyfGVufDB8fDB8fA%3D%3D&auto=format&fit=crop&w=500&q=60,https://images.unsplash.com/photo-1586023492125-27b2c045efd7?ixlib=rb-4.0.3&ixid=MnwxMjA3fDB8MHxzZWFyY2h8MTh8fGNoYWlyfGVufDB8fDB8fA%3D%3D&auto=format&fit=crop&w=500&q=60,"Body language now sea national.
Difference size beat call. Remember old rise long the son leg. Adult television join brother direction daughter.",1,2,2,2021-07-01 05:37:29.713365
46, Onirique,8.813319665514962,B20,https://images.unsplash.com/photo-1517705008128-361805f42e86?ixlib=rb-4.0.3&ixid=MnwxMjA3fDB8MHxzZWFyY2h8MjB8fGNoYWlyfGVufDB8fDB8fA%3D%3D&auto=format&fit=crop&w=500&q=60,https://images.unsplash.com/photo-1586023492125-27b2c045efd7?ixlib=rb-4.0.3&ixid=MnwxMjA3fDB8MHxzZWFyY2h8MTh8fGNoYWlyfGVufDB8fDB8fA%3D%3D&auto=format&fit=crop&w=500&q=60,"Serve item magazine television my nothing. Four suffer too visit far.
Set page easy write. Become want body whether civil. Stock prove else some.",0,3,2,2020-06-28 05:37:29.713365
47, Flâner,95.39967877815981,B21,https://images.unsplash.com/photo-1517705008128-361805f42e86?ixlib=rb-4.0.3&ixid=MnwxMjA3fDB8MHxzZWFyY2h8MjB8fGNoYWlyfGVufDB8fDB8fA%3D%3D&auto=format&fit=crop&w=500&q=60,https://images.unsplash.com/photo-1586023492125-27b2c045efd7?ixlib=rb-4.0.3&ixid=MnwxMjA3fDB8MHxzZWFyY2h8MTh8fGNoYWlyfGVufDB8fDB8fA%3D%3D&auto=format&fit=crop&w=500&q=60,"Remain nearly sell on dinner professor art. Left up blue physical positive free cold.
Exactly we national couple everyone Congress newspaper. Early decision threat yard quickly very usually address.",1,9,2,2020-03-20 05:37:29.713365
48, Chuchoter,56.35248472451798,B22,https://images.unsplash.com/photo-1517705008128-361805f42e86?ixlib=rb-4.0.3&ixid=MnwxMjA3fDB8MHxzZWFyY2h8MjB8fGNoYWlyfGVufDB8fDB8fA%3D%3D&auto=format&fit=crop&w=500&q=60,https://images.unsplash.com/photo-1586023492125-27b2c045efd7?ixlib=rb-4.0.3&ixid=MnwxMjA3fDB8MHxzZWFyY2h8MTh8fGNoYWlyfGVufDB8fDB8fA%3D%3D&auto=format&fit=crop&w=500&q=60,"You industry generation join particularly. Point second study act. Enjoy million letter fact owner.
Call into politics beat think according. Same floor magazine air.
Too hair apply the her us.",1,6,2,2021-04-09 05:37:29.713365
49, rêvasser,48.98891797729432,B23,https://images.unsplash.com/photo-1517705008128-361805f42e86?ixlib=rb-4.0.3&ixid=MnwxMjA3fDB8MHxzZWFyY2h8MjB8fGNoYWlyfGVufDB8fDB8fA%3D%3D&auto=format&fit=crop&w=500&q=60,https://images.unsplash.com/photo-1586023492125-27b2c045efd7?ixlib=rb-4.0.3&ixid=MnwxMjA3fDB8MHxzZWFyY2h8MTh8fGNoYWlyfGVufDB8fDB8fA%3D%3D&auto=format&fit=crop&w=500&q=60,Me understand early star. Wait factor manager win life wonder. Knowledge interesting why.,4,1,2,2020-11-07 05:37:29.713365
50, éphémère,69.86300929338209,B24,https://images.unsplash.com/photo-1517705008128-361805f42e86?ixlib=rb-4.0.3&ixid=MnwxMjA3fDB8MHxzZWFyY2h8MjB8fGNoYWlyfGVufDB8fDB8fA%3D%3D&auto=format&fit=crop&w=500&q=60,https://images.unsplash.com/photo-1586023492125-27b2c045efd7?ixlib=rb-4.0.3&ixid=MnwxMjA3fDB8MHxzZWFyY2h8MTh8fGNoYWlyfGVufDB8fDB8fA%3D%3D&auto=format&fit=crop&w=500&q=60,"High life present give. Throw no cut letter institution current.
Great skill here ten market. Remember trial couple side trouble. Mean public our.",1,4,2,2021-03-21 05:37:29.713365
51, Émerveiller,11.70206758710901,B25,https://images.unsplash.com/photo-1517705008128-361805f42e86?ixlib=rb-4.0.3&ixid=MnwxMjA3fDB8MHxzZWFyY2h8MjB8fGNoYWlyfGVufDB8fDB8fA%3D%3D&auto=format&fit=crop&w=500&q=60,https://images.unsplash.com/photo-1586023492125-27b2c045efd7?ixlib=rb-4.0.3&ixid=MnwxMjA3fDB8MHxzZWFyY2h8MTh8fGNoYWlyfGVufDB8fDB8fA%3D%3D&auto=format&fit=crop&w=500&q=60,"Production program ever school yard effort majority. With adult vote out operation still.
Western eye next budget themselves energy gun. Data civil during member future.",4,6,2,2022-06-15 05:37:29.713365
52, retrouvailles,42.69556000574754,C0,https://images.unsplash.com/photo-1517705008128-361805f42e86?ixlib=rb-4.0.3&ixid=MnwxMjA3fDB8MHxzZWFyY2h8MjB8fGNoYWlyfGVufDB8fDB8fA%3D%3D&auto=format&fit=crop&w=500&q=60,https://images.unsplash.com/photo-1586023492125-27b2c045efd7?ixlib=rb-4.0.3&ixid=MnwxMjA3fDB8MHxzZWFyY2h8MTh8fGNoYWlyfGVufDB8fDB8fA%3D%3D&auto=format&fit=crop&w=500&q=60,Like authority never me grow. Board send claim involve officer. Coach simple right much others improve whose.,1,4,3,2021-10-17 05:37:29.713365
53, éblouir,9.497910453813086,C1,https://images.unsplash.com/photo-1517705008128-361805f42e86?ixlib=rb-4.0.3&ixid=MnwxMjA3fDB8MHxzZWFyY2h8MjB8fGNoYWlyfGVufDB8fDB8fA%3D%3D&auto=format&fit=crop&w=500&q=60,https://images.unsplash.com/photo-1586023492125-27b2c045efd7?ixlib=rb-4.0.3&ixid=MnwxMjA3fDB8MHxzZWFyY2h8MTh8fGNoYWlyfGVufDB8fDB8fA%3D%3D&auto=format&fit=crop&w=500&q=60,Threat analysis later book other force. Pass sound reflect senior. Per set today culture source name himself whole. Card inside other dream training everything quickly sure.,5,2,3,2022-03-21 05:37:29.713365
54, Chéri,42.82030552814797,C2,https://images.unsplash.com/photo-1517705008128-361805f42e86?ixlib=rb-4.0.3&ixid=MnwxMjA3fDB8MHxzZWFyY2h8MjB8fGNoYWlyfGVufDB8fDB8fA%3D%3D&auto=format&fit=crop&w=500&q=60,https://images.unsplash.com/photo-1586023492125-27b2c045efd7?ixlib=rb-4.0.3&ixid=MnwxMjA3fDB8MHxzZWFyY2h8MTh8fGNoYWlyfGVufDB8fDB8fA%3D%3D&auto=format&fit=crop&w=500&q=60,"Resource dinner catch all long notice even. West such beautiful every magazine.
Little whom four medical. Rich write five central. Keep year everyone. Gun court compare down under Mrs.",5,3,3,2021-12-02 05:37:29.713365
55, Plein de vie,46.434440772167875,C3,https://images.unsplash.com/photo-1517705008128-361805f42e86?ixlib=rb-4.0.3&ixid=MnwxMjA3fDB8MHxzZWFyY2h8MjB8fGNoYWlyfGVufDB8fDB8fA%3D%3D&auto=format&fit=crop&w=500&q=60,https://images.unsplash.com/photo-1586023492125-27b2c045efd7?ixlib=rb-4.0.3&ixid=MnwxMjA3fDB8MHxzZWFyY2h8MTh8fGNoYWlyfGVufDB8fDB8fA%3D%3D&auto=format&fit=crop&w=500&q=60,"Mission respond hope free end decide woman. Commercial mother may customer. How discussion finish.
Watch order president send image director senior bar. Treatment responsibility low serious.",3,2,3,2022-01-19 05:37:29.713365
56, Casse-cou,11.6371201976896,C4,https://images.unsplash.com/photo-1517705008128-361805f42e86?ixlib=rb-4.0.3&ixid=MnwxMjA3fDB8MHxzZWFyY2h8MjB8fGNoYWlyfGVufDB8fDB8fA%3D%3D&auto=format&fit=crop&w=500&q=60,https://images.unsplash.com/photo-1586023492125-27b2c045efd7?ixlib=rb-4.0.3&ixid=MnwxMjA3fDB8MHxzZWFyY2h8MTh8fGNoYWlyfGVufDB8fDB8fA%3D%3D&auto=format&fit=crop&w=500&q=60,Believe report rock tax all brother. Thank ok buy window up accept most. Teacher peace arm. Focus nation employee edge everyone on.,3,1,3,2022-11-08 05:37:29.713365
57, Nouveau départ,51.37463507409129,C5,https://images.unsplash.com/photo-1517705008128-361805f42e86?ixlib=rb-4.0.3&ixid=MnwxMjA3fDB8MHxzZWFyY2h8MjB8fGNoYWlyfGVufDB8fDB8fA%3D%3D&auto=format&fit=crop&w=500&q=60,https://images.unsplash.com/photo-1586023492125-27b2c045efd7?ixlib=rb-4.0.3&ixid=MnwxMjA3fDB8MHxzZWFyY2h8MTh8fGNoYWlyfGVufDB8fDB8fA%3D%3D&auto=format&fit=crop&w=500&q=60,Network most action commercial believe. Best pay federal use you go think. Avoid animal commercial itself argue.,0,8,3,2020-02-14 05:37:29.713365
58, étonnante,93.37837984358299,C6,https://images.unsplash.com/photo-1517705008128-361805f42e86?ixlib=rb-4.0.3&ixid=MnwxMjA3fDB8MHxzZWFyY2h8MjB8fGNoYWlyfGVufDB8fDB8fA%3D%3D&auto=format&fit=crop&w=500&q=60,https://images.unsplash.com/photo-1586023492125-27b2c045efd7?ixlib=rb-4.0.3&ixid=MnwxMjA3fDB8MHxzZWFyY2h8MTh8fGNoYWlyfGVufDB8fDB8fA%3D%3D&auto=format&fit=crop&w=500&q=60,"Time campaign into floor store alone draw. Hope rich pay statement far.
Wall prepare question perhaps. Truth act ever actually realize outside. Trip toward actually couple small toward college.",5,8,3,2022-09-13 05:37:29.713365
59, charmante,9.848760007651503,C7,https://images.unsplash.com/photo-1517705008128-361805f42e86?ixlib=rb-4.0.3&ixid=MnwxMjA3fDB8MHxzZWFyY2h8MjB8fGNoYWlyfGVufDB8fDB8fA%3D%3D&auto=format&fit=crop&w=500&q=60,https://images.unsplash.com/photo-1586023492125-27b2c045efd7?ixlib=rb-4.0.3&ixid=MnwxMjA3fDB8MHxzZWFyY2h8MTh8fGNoYWlyfGVufDB8fDB8fA%3D%3D&auto=format&fit=crop&w=500&q=60,Rich take source hair energy. Center water thus huge agent across situation. Above fine food apply among life eye season.,0,3,3,2020-04-21 05:37:29.713365
60, attrayant,28.38784377528818,C8,https://images.unsplash.com/photo-1517705008128-361805f42e86?ixlib=rb-4.0.3&ixid=MnwxMjA3fDB8MHxzZWFyY2h8MjB8fGNoYWlyfGVufDB8fDB8fA%3D%3D&auto=format&fit=crop&w=500&q=60,https://images.unsplash.com/photo-1586023492125-27b2c045efd7?ixlib=rb-4.0.3&ixid=MnwxMjA3fDB8MHxzZWFyY2h8MTh8fGNoYWlyfGVufDB8fDB8fA%3D%3D&auto=format&fit=crop&w=500&q=60,Audience great free list speech field billion. Sit admit nothing impact cell plant resource. Message happy themselves lay wonder cost.,2,9,3,2022-05-15 05:37:29.713365
61, éblouissante,62.55622852239932,C9,https://images.unsplash.com/photo-1517705008128-361805f42e86?ixlib=rb-4.0.3&ixid=MnwxMjA3fDB8MHxzZWFyY2h8MjB8fGNoYWlyfGVufDB8fDB8fA%3D%3D&auto=format&fit=crop&w=500&q=60,https://images.unsplash.com/photo-1586023492125-27b2c045efd7?ixlib=rb-4.0.3&ixid=MnwxMjA3fDB8MHxzZWFyY2h8MTh8fGNoYWlyfGVufDB8fDB8fA%3D%3D&auto=format&fit=crop&w=500&q=60,"Low his approach she wait. Model modern treat.
Minute prepare security miss buy. Those receive front citizen kind.",1,9,3,2022-02-26 05:37:29.713365
62, amour,91.83700423949891,C10,https://images.unsplash.com/photo-1517705008128-361805f42e86?ixlib=rb-4.0.3&ixid=MnwxMjA3fDB8MHxzZWFyY2h8MjB8fGNoYWlyfGVufDB8fDB8fA%3D%3D&auto=format&fit=crop&w=500&q=60,https://images.unsplash.com/photo-1586023492125-27b2c045efd7?ixlib=rb-4.0.3&ixid=MnwxMjA3fDB8MHxzZWFyY2h8MTh8fGNoYWlyfGVufDB8fDB8fA%3D%3D&auto=format&fit=crop&w=500&q=60,"House morning share budget anyone need. Sort partner sure police teach.
Possible artist certain area cut. Put hot begin white camera more soldier. Short add successful require.",5,1,3,2021-11-26 05:37:29.713365
63, amoureuse,76.5911517515109,C11,https://images.unsplash.com/photo-1517705008128-361805f42e86?ixlib=rb-4.0.3&ixid=MnwxMjA3fDB8MHxzZWFyY2h8MjB8fGNoYWlyfGVufDB8fDB8fA%3D%3D&auto=format&fit=crop&w=500&q=60,https://images.unsplash.com/photo-1586023492125-27b2c045efd7?ixlib=rb-4.0.3&ixid=MnwxMjA3fDB8MHxzZWFyY2h8MTh8fGNoYWlyfGVufDB8fDB8fA%3D%3D&auto=format&fit=crop&w=500&q=60,Study college quality official. Letter fact tonight friend green. Century perhaps right idea court.,0,4,3,2021-07-22 05:37:29.713365
64, embrasser,98.1156273220686,C12,https://images.unsplash.com/photo-1517705008128-361805f42e86?ixlib=rb-4.0.3&ixid=MnwxMjA3fDB8MHxzZWFyY2h8MjB8fGNoYWlyfGVufDB8fDB8fA%3D%3D&auto=format&fit=crop&w=500&q=60,https://images.unsplash.com/photo-1586023492125-27b2c045efd7?ixlib=rb-4.0.3&ixid=MnwxMjA3fDB8MHxzZWFyY2h8MTh8fGNoYWlyfGVufDB8fDB8fA%3D%3D&auto=format&fit=crop&w=500&q=60,"White knowledge main they. Follow force project. Including center whom role manage.
Including arm who much pick like. Five crime seem political food side.
Agreement seek every certain.",3,7,3,2020-06-30 05:37:29.713365
65, tendresse,8.427808477605803,C13,https://images.unsplash.com/photo-1517705008128-361805f42e86?ixlib=rb-4.0.3&ixid=MnwxMjA3fDB8MHxzZWFyY2h8MjB8fGNoYWlyfGVufDB8fDB8fA%3D%3D&auto=format&fit=crop&w=500&q=60,https://images.unsplash.com/photo-1586023492125-27b2c045efd7?ixlib=rb-4.0.3&ixid=MnwxMjA3fDB8MHxzZWFyY2h8MTh8fGNoYWlyfGVufDB8fDB8fA%3D%3D&auto=format&fit=crop&w=500&q=60,"Consumer test water during buy fund. Everybody fine friend usually central continue relate.
List table by ball she wide phone choice. Agreement group necessary commercial nice.
Minute new clearly.",1,0,3,2022-06-15 05:37:29.713365
66, trésor,39.5838787519463,C14,https://images.unsplash.com/photo-1517705008128-361805f42e86?ixlib=rb-4.0.3&ixid=MnwxMjA3fDB8MHxzZWFyY2h8MjB8fGNoYWlyfGVufDB8fDB8fA%3D%3D&auto=format&fit=crop&w=500&q=60,https://images.unsplash.com/photo-1586023492125-27b2c045efd7?ixlib=rb-4.0.3&ixid=MnwxMjA3fDB8MHxzZWFyY2h8MTh8fGNoYWlyfGVufDB8fDB8fA%3D%3D&auto=format&fit=crop&w=500&q=60,"Accept join ground food. Or hit meet and. Appear question into truth usually challenge consider.
Beyond break full major them. Boy huge east force early fly. Step defense pattern for example cell.",2,6,3,2022-11-06 05:37:29.713365
67, arabesque,13.033805818653343,C15,https://images.unsplash.com/photo-1517705008128-361805f42e86?ixlib=rb-4.0.3&ixid=MnwxMjA3fDB8MHxzZWFyY2h8MjB8fGNoYWlyfGVufDB8fDB8fA%3D%3D&auto=format&fit=crop&w=500&q=60,https://images.unsplash.com/photo-1586023492125-27b2c045efd7?ixlib=rb-4.0.3&ixid=MnwxMjA3fDB8MHxzZWFyY2h8MTh8fGNoYWlyfGVufDB8fDB8fA%3D%3D&auto=format&fit=crop&w=500&q=60,Woman Mr discover instead plan finally. They let claim attorney significant since list. Member front picture season.,1,6,3,2021-03-10 05:37:29.713365
68, argenté,8.859417071472652,C16,https://images.unsplash.com/photo-1517705008128-361805f42e86?ixlib=rb-4.0.3&ixid=MnwxMjA3fDB8MHxzZWFyY2h8MjB8fGNoYWlyfGVufDB8fDB8fA%3D%3D&auto=format&fit=crop&w=500&q=60,https://images.unsplash.com/photo-1586023492125-27b2c045efd7?ixlib=rb-4.0.3&ixid=MnwxMjA3fDB8MHxzZWFyY2h8MTh8fGNoYWlyfGVufDB8fDB8fA%3D%3D&auto=format&fit=crop&w=500&q=60,Our bank building fall leg another inside. Leave by fact season. Happen recognize why write star.,5,8,3,2022-10-29 05:37:29.713365
69, aubergine,68.00940658061391,C17,https://images.unsplash.com/photo-1517705008128-361805f42e86?ixlib=rb-4.0.3&ixid=MnwxMjA3fDB8MHxzZWFyY2h8MjB8fGNoYWlyfGVufDB8fDB8fA%3D%3D&auto=format&fit=crop&w=500&q=60,https://images.unsplash.com/photo-1586023492125-27b2c045efd7?ixlib=rb-4.0.3&ixid=MnwxMjA3fDB8MHxzZWFyY2h8MTh8fGNoYWlyfGVufDB8fDB8fA%3D%3D&auto=format&fit=crop&w=500&q=60,"Trip mother sound gun as various likely. However generation social standard back leave century.
Bit themselves purpose same expert sell worker. Time many part lot. Full guy success room total.",1,0,3,2022-07-24 05:37:29.713365
70, bijou,3.907165057244366,C18,https://images.unsplash.com/photo-1517705008128-361805f42e86?ixlib=rb-4.0.3&ixid=MnwxMjA3fDB8MHxzZWFyY2h8MjB8fGNoYWlyfGVufDB8fDB8fA%3D%3D&auto=format&fit=crop&w=500&q=60,https://images.unsplash.com/photo-1586023492125-27b2c045efd7?ixlib=rb-4.0.3&ixid=MnwxMjA3fDB8MHxzZWFyY2h8MTh8fGNoYWlyfGVufDB8fDB8fA%3D%3D&auto=format&fit=crop&w=500&q=60,"Letter and eight yet feeling red week growth. Rise war six statement former range.
Film life rich analysis. Name eye especially century father.",1,10,3,2021-11-16 05:37:29.713365
71, chapeau,48.95352900354782,C19,https://images.unsplash.com/photo-1517705008128-361805f42e86?ixlib=rb-4.0.3&ixid=MnwxMjA3fDB8MHxzZWFyY2h8MjB8fGNoYWlyfGVufDB8fDB8fA%3D%3D&auto=format&fit=crop&w=500&q=60,https://images.unsplash.com/photo-1586023492125-27b2c045efd7?ixlib=rb-4.0.3&ixid=MnwxMjA3fDB8MHxzZWFyY2h8MTh8fGNoYWlyfGVufDB8fDB8fA%3D%3D&auto=format&fit=crop&w=500&q=60,"Condition American about join. Foreign hundred treat exist yeah.
Even single within what rich author bar. Bit beat modern measure age either exactly.",0,3,3,2020-01-17 05:37:29.713365
72, chemisier,99.5145069587617,C20,https://images.unsplash.com/photo-1517705008128-361805f42e86?ixlib=rb-4.0.3&ixid=MnwxMjA3fDB8MHxzZWFyY2h8MjB8fGNoYWlyfGVufDB8fDB8fA%3D%3D&auto=format&fit=crop&w=500&q=60,https://images.unsplash.com/photo-1586023492125-27b2c045efd7?ixlib=rb-4.0.3&ixid=MnwxMjA3fDB8MHxzZWFyY2h8MTh8fGNoYWlyfGVufDB8fDB8fA%3D%3D&auto=format&fit=crop&w=500&q=60,Line goal newspaper return special home their accept. Difficult and amount easy wind. Suddenly hot speak city might energy music. Resource mind here national center myself.,5,4,3,2022-03-27 05:37:29.713365
73, foncé,97.97593472443275,C21,https://images.unsplash.com/photo-1517705008128-361805f42e86?ixlib=rb-4.0.3&ixid=MnwxMjA3fDB8MHxzZWFyY2h8MjB8fGNoYWlyfGVufDB8fDB8fA%3D%3D&auto=format&fit=crop&w=500&q=60,https://images.unsplash.com/photo-1586023492125-27b2c045efd7?ixlib=rb-4.0.3&ixid=MnwxMjA3fDB8MHxzZWFyY2h8MTh8fGNoYWlyfGVufDB8fDB8fA%3D%3D&auto=format&fit=crop&w=500&q=60,"Agent accept school. Front night baby training.
Heavy but game accept six personal. Off reflect create have agreement chance industry.",1,6,3,2021-06-11 05:37:29.713365
74, marinière,22.25631679951202,C22,https://images.unsplash.com/photo-1517705008128-361805f42e86?ixlib=rb-4.0.3&ixid=MnwxMjA3fDB8MHxzZWFyY2h8MjB8fGNoYWlyfGVufDB8fDB8fA%3D%3D&auto=format&fit=crop&w=500&q=60,https://images.unsplash.com/photo-1586023492125-27b2c045efd7?ixlib=rb-4.0.3&ixid=MnwxMjA3fDB8MHxzZWFyY2h8MTh8fGNoYWlyfGVufDB8fDB8fA%3D%3D&auto=format&fit=crop&w=500&q=60,"Person growth how little help hot notice. Forget pass must learn second history government.
Its chance ahead far cold teach. Within painting southern fast situation begin our space.",5,5,3,2022-06-26 05:37:29.713365
75, moyenne,63.399243077615786,C23,https://images.unsplash.com/photo-1517705008128-361805f42e86?ixlib=rb-4.0.3&ixid=MnwxMjA3fDB8MHxzZWFyY2h8MjB8fGNoYWlyfGVufDB8fDB8fA%3D%3D&auto=format&fit=crop&w=500&q=60,https://images.unsplash.com/photo-1586023492125-27b2c045efd7?ixlib=rb-4.0.3&ixid=MnwxMjA3fDB8MHxzZWFyY2h8MTh8fGNoYWlyfGVufDB8fDB8fA%3D%3D&auto=format&fit=crop&w=500&q=60,Any participant be behind. Too moment above. Beautiful low better west door indeed.,5,5,3,2022-06-23 05:37:29.713365
76, alunissage,49.263226859808874,C24,https://images.unsplash.com/photo-1517705008128-361805f42e86?ixlib=rb-4.0.3&ixid=MnwxMjA3fDB8MHxzZWFyY2h8MjB8fGNoYWlyfGVufDB8fDB8fA%3D%3D&auto=format&fit=crop&w=500&q=60,https://images.unsplash.com/photo-1586023492125-27b2c045efd7?ixlib=rb-4.0.3&ixid=MnwxMjA3fDB8MHxzZWFyY2h8MTh8fGNoYWlyfGVufDB8fDB8fA%3D%3D&auto=format&fit=crop&w=500&q=60,"Include tell Republican politics. On option reality require receive.
Former happen ago year. Federal tend administration Republican.",3,1,3,2022-08-08 05:37:29.713365
77, bienvenue,18.638639376275425,C25,https://images.unsplash.com/photo-1517705008128-361805f42e86?ixlib=rb-4.0.3&ixid=MnwxMjA3fDB8MHxzZWFyY2h8MjB8fGNoYWlyfGVufDB8fDB8fA%3D%3D&auto=format&fit=crop&w=500&q=60,https://images.unsplash.com/photo-1586023492125-27b2c045efd7?ixlib=rb-4.0.3&ixid=MnwxMjA3fDB8MHxzZWFyY2h8MTh8fGNoYWlyfGVufDB8fDB8fA%3D%3D&auto=format&fit=crop&w=500&q=60,Will final interest deep. This also week there person not both. Talk argue kitchen kind director soldier.,2,2,3,2020-08-29 05:37:29.713365
78, chatoyer,47.13360702538054,D0,https://images.unsplash.com/photo-1517705008128-361805f42e86?ixlib=rb-4.0.3&ixid=MnwxMjA3fDB8MHxzZWFyY2h8MjB8fGNoYWlyfGVufDB8fDB8fA%3D%3D&auto=format&fit=crop&w=500&q=60,https://images.unsplash.com/photo-1586023492125-27b2c045efd7?ixlib=rb-4.0.3&ixid=MnwxMjA3fDB8MHxzZWFyY2h8MTh8fGNoYWlyfGVufDB8fDB8fA%3D%3D&auto=format&fit=crop&w=500&q=60,"Laugh figure management give. Human inside right factor onto owner son off.
Because today mouth sense bad. Window heavy hundred church certain whole voice. Raise question career treat.",2,6,4,2022-02-18 05:37:29.713365
79, espérer,14.217501107221242,D1,https://images.unsplash.com/photo-1517705008128-361805f42e86?ixlib=rb-4.0.3&ixid=MnwxMjA3fDB8MHxzZWFyY2h8MjB8fGNoYWlyfGVufDB8fDB8fA%3D%3D&auto=format&fit=crop&w=500&q=60,https://images.unsplash.com/photo-1586023492125-27b2c045efd7?ixlib=rb-4.0.3&ixid=MnwxMjA3fDB8MHxzZWFyY2h8MTh8fGNoYWlyfGVufDB8fDB8fA%3D%3D&auto=format&fit=crop&w=500&q=60,"Seat indicate somebody history true. Really forward thank well chance mission reflect. Might case your do.
Training grow during city who very among. Nation one whom fine laugh head fire.",4,6,4,2022-01-05 05:37:29.713365
80, esprit,85.55086960295371,D2,https://images.unsplash.com/photo-1517705008128-361805f42e86?ixlib=rb-4.0.3&ixid=MnwxMjA3fDB8MHxzZWFyY2h8MjB8fGNoYWlyfGVufDB8fDB8fA%3D%3D&auto=format&fit=crop&w=500&q=60,https://images.unsplash.com/photo-1586023492125-27b2c045efd7?ixlib=rb-4.0.3&ixid=MnwxMjA3fDB8MHxzZWFyY2h8MTh8fGNoYWlyfGVufDB8fDB8fA%3D%3D&auto=format&fit=crop&w=500&q=60,"Vote talk tree go. Yard area yet. Second tonight ready provide when particularly down.
Level trade film idea quite. Tend social kind option station resource give.",5,7,4,2020-11-15 05:37:29.713365
81, etoile,15.037000986920713,D3,https://images.unsplash.com/photo-1517705008128-361805f42e86?ixlib=rb-4.0.3&ixid=MnwxMjA3fDB8MHxzZWFyY2h8MjB8fGNoYWlyfGVufDB8fDB8fA%3D%3D&auto=format&fit=crop&w=500&q=60,https://images.unsplash.com/photo-1586023492125-27b2c045efd7?ixlib=rb-4.0.3&ixid=MnwxMjA3fDB8MHxzZWFyY2h8MTh8fGNoYWlyfGVufDB8fDB8fA%3D%3D&auto=format&fit=crop&w=500&q=60,"Suggest heavy between. Bank order drive suffer center firm total. Main contain create letter shoulder toward with special.
But price see game. Inside sit smile site drug.",0,0,4,2020-10-18 05:37:29.713365
82, félicitations,97.29451305592553,D4,https://images.unsplash.com/photo-1517705008128-361805f42e86?ixlib=rb-4.0.3&ixid=MnwxMjA3fDB8MHxzZWFyY2h8MjB8fGNoYWlyfGVufDB8fDB8fA%3D%3D&auto=format&fit=crop&w=500&q=60,https://images.unsplash.com/photo-1586023492125-27b2c045efd7?ixlib=rb-4.0.3&ixid=MnwxMjA3fDB8MHxzZWFyY2h8MTh8fGNoYWlyfGVufDB8fDB8fA%3D%3D&auto=format&fit=crop&w=500&q=60,Single suffer husband ball care nothing sing college. Arm billion fall risk teach certainly social card. Hit will short serve officer he.,0,8,4,2020-08-28 05:37:29.713365
83, flâner,91.50393113753313,D5,https://images.unsplash.com/photo-1517705008128-361805f42e86?ixlib=rb-4.0.3&ixid=MnwxMjA3fDB8MHxzZWFyY2h8MjB8fGNoYWlyfGVufDB8fDB8fA%3D%3D&auto=format&fit=crop&w=500&q=60,https://images.unsplash.com/photo-1586023492125-27b2c045efd7?ixlib=rb-4.0.3&ixid=MnwxMjA3fDB8MHxzZWFyY2h8MTh8fGNoYWlyfGVufDB8fDB8fA%3D%3D&auto=format&fit=crop&w=500&q=60,"Structure trial brother. Government resource break remain conference ever.
Wonder black choice. Personal I lay. Cost what style participant new know most. Lot lead effort though expect world.",3,7,4,2021-09-02 05:37:29.713365
84, gentil,26.170519786571035,D6,https://images.unsplash.com/photo-1517705008128-361805f42e86?ixlib=rb-4.0.3&ixid=MnwxMjA3fDB8MHxzZWFyY2h8MjB8fGNoYWlyfGVufDB8fDB8fA%3D%3D&auto=format&fit=crop&w=500&q=60,https://images.unsplash.com/photo-1586023492125-27b2c045efd7?ixlib=rb-4.0.3&ixid=MnwxMjA3fDB8MHxzZWFyY2h8MTh8fGNoYWlyfGVufDB8fDB8fA%3D%3D&auto=format&fit=crop&w=500&q=60,"Long trial player enter firm far southern.
List number apply station another individual drop. It on close get town far. Now to artist information news hair many.",4,9,4,2022-12-08 05:37:29.713365
85, meilleur,64.81630994836628,D7,https://images.unsplash.com/photo-1517705008128-361805f42e86?ixlib=rb-4.0.3&ixid=MnwxMjA3fDB8MHxzZWFyY2h8MjB8fGNoYWlyfGVufDB8fDB8fA%3D%3D&auto=format&fit=crop&w=500&q=60,https://images.unsplash.com/photo-1586023492125-27b2c045efd7?ixlib=rb-4.0.3&ixid=MnwxMjA3fDB8MHxzZWFyY2h8MTh8fGNoYWlyfGVufDB8fDB8fA%3D%3D&auto=format&fit=crop&w=500&q=60,Everything few small wrong as half decide. Degree life knowledge wall hour measure approach. Then Mrs or general others them service.,1,0,4,2020-04-08 05:37:29.713365
86, rayonner,26.356114529428186,D8,https://images.unsplash.com/photo-1517705008128-361805f42e86?ixlib=rb-4.0.3&ixid=MnwxMjA3fDB8MHxzZWFyY2h8MjB8fGNoYWlyfGVufDB8fDB8fA%3D%3D&auto=format&fit=crop&w=500&q=60,https://images.unsplash.com/photo-1586023492125-27b2c045efd7?ixlib=rb-4.0.3&ixid=MnwxMjA3fDB8MHxzZWFyY2h8MTh8fGNoYWlyfGVufDB8fDB8fA%3D%3D&auto=format&fit=crop&w=500&q=60,"Politics level recently sing foreign art.
Provide also become. Law treat a fund. Which market street throw current.
Gun new leader one news. Bill establish level really draw score.",2,1,4,2021-09-30 05:37:29.713365
87, vivant,14.834924568373541,D9,https://images.unsplash.com/photo-1517705008128-361805f42e86?ixlib=rb-4.0.3&ixid=MnwxMjA3fDB8MHxzZWFyY2h8MjB8fGNoYWlyfGVufDB8fDB8fA%3D%3D&auto=format&fit=crop&w=500&q=60,https://images.unsplash.com/photo-1586023492125-27b2c045efd7?ixlib=rb-4.0.3&ixid=MnwxMjA3fDB8MHxzZWFyY2h8MTh8fGNoYWlyfGVufDB8fDB8fA%3D%3D&auto=format&fit=crop&w=500&q=60,"Sign generation Congress begin. Stock forget accept value happy training life door. Hope debate reflect stand nearly federal.
Above authority appear spend. Eight record firm he fire.",1,6,4,2020-06-26 05:37:29.713365
88, araignée,97.43302212955942,D10,https://images.unsplash.com/photo-1517705008128-361805f42e86?ixlib=rb-4.0.3&ixid=MnwxMjA3fDB8MHxzZWFyY2h8MjB8fGNoYWlyfGVufDB8fDB8fA%3D%3D&auto=format&fit=crop&w=500&q=60,https://images.unsplash.com/photo-1586023492125-27b2c045efd7?ixlib=rb-4.0.3&ixid=MnwxMjA3fDB8MHxzZWFyY2h8MTh8fGNoYWlyfGVufDB8fDB8fA%3D%3D&auto=format&fit=crop&w=500&q=60,"Lay actually worker.
Believe center really hair example respond continue class. Animal give past nice believe.
Key school practice one. A kind successful not fund carry manager.",1,10,4,2021-04-07 05:37:29.713365
89, blaireau,12.96670614995511,D11,https://images.unsplash.com/photo-1517705008128-361805f42e86?ixlib=rb-4.0.3&ixid=MnwxMjA3fDB8MHxzZWFyY2h8MjB8fGNoYWlyfGVufDB8fDB8fA%3D%3D&auto=format&fit=crop&w=500&q=60,https://images.unsplash.com/photo-1586023492125-27b2c045efd7?ixlib=rb-4.0.3&ixid=MnwxMjA3fDB8MHxzZWFyY2h8MTh8fGNoYWlyfGVufDB8fDB8fA%3D%3D&auto=format&fit=crop&w=500&q=60,"Put we space.
Plan cut trial off wait. School deep better natural. Large miss thought financial short. Bill town story goal economy until with.",2,1,4,2022-07-06 05:37:29.713365
90, boulangerie,30.178910854827258,D12,https://images.unsplash.com/photo-1517705008128-361805f42e86?ixlib=rb-4.0.3&ixid=MnwxMjA3fDB8MHxzZWFyY2h8MjB8fGNoYWlyfGVufDB8fDB8fA%3D%3D&auto=format&fit=crop&w=500&q=60,https://images.unsplash.com/photo-1586023492125-27b2c045efd7?ixlib=rb-4.0.3&ixid=MnwxMjA3fDB8MHxzZWFyY2h8MTh8fGNoYWlyfGVufDB8fDB8fA%3D%3D&auto=format&fit=crop&w=500&q=60,"Site go us line their PM. Exist until long really personal organization.
Power gun message goal. President value town step already couple.",1,7,4,2022-06-14 05:37:29.713365
91, camion,46.23911398408978,D13,https://images.unsplash.com/photo-1517705008128-361805f42e86?ixlib=rb-4.0.3&ixid=MnwxMjA3fDB8MHxzZWFyY2h8MjB8fGNoYWlyfGVufDB8fDB8fA%3D%3D&auto=format&fit=crop&w=500&q=60,https://images.unsplash.com/photo-1586023492125-27b2c045efd7?ixlib=rb-4.0.3&ixid=MnwxMjA3fDB8MHxzZWFyY2h8MTh8fGNoYWlyfGVufDB8fDB8fA%3D%3D&auto=format&fit=crop&w=500&q=60,"Risk action summer leader. Project admit produce pass much film.
Claim now whether blood. Avoid often mind need information return. Black here budget.",2,4,4,2020-04-07 05:37:29.713365
92, la mer,58.725489158866274,D14,https://images.unsplash.com/photo-1517705008128-361805f42e86?ixlib=rb-4.0.3&ixid=MnwxMjA3fDB8MHxzZWFyY2h8MjB8fGNoYWlyfGVufDB8fDB8fA%3D%3D&auto=format&fit=crop&w=500&q=60,https://images.unsplash.com/photo-1586023492125-27b2c045efd7?ixlib=rb-4.0.3&ixid=MnwxMjA3fDB8MHxzZWFyY2h8MTh8fGNoYWlyfGVufDB8fDB8fA%3D%3D&auto=format&fit=crop&w=500&q=60,Can seat tree better. Admit second energy physical. Job keep pay.,3,2,4,2021-08-06 05:37:29.713365
93, chanson,5.067097640128971,D15,https://images.unsplash.com/photo-1517705008128-361805f42e86?ixlib=rb-4.0.3&ixid=MnwxMjA3fDB8MHxzZWFyY2h8MjB8fGNoYWlyfGVufDB8fDB8fA%3D%3D&auto=format&fit=crop&w=500&q=60,https://images.unsplash.com/photo-1586023492125-27b2c045efd7?ixlib=rb-4.0.3&ixid=MnwxMjA3fDB8MHxzZWFyY2h8MTh8fGNoYWlyfGVufDB8fDB8fA%3D%3D&auto=format&fit=crop&w=500&q=60,"Way order their wall fear. Spring network theory office hospital chair fall.
Investment start into son page. Could article actually.
Anyone exist often mother field.",0,8,4,2020-12-10 05:37:29.713365
94, coccinelle,95.57664078430268,D16,https://images.unsplash.com/photo-1517705008128-361805f42e86?ixlib=rb-4.0.3&ixid=MnwxMjA3fDB8MHxzZWFyY2h8MjB8fGNoYWlyfGVufDB8fDB8fA%3D%3D&auto=format&fit=crop&w=500&q=60,https://images.unsplash.com/photo-1586023492125-27b2c045efd7?ixlib=rb-4.0.3&ixid=MnwxMjA3fDB8MHxzZWFyY2h8MTh8fGNoYWlyfGVufDB8fDB8fA%3D%3D&auto=format&fit=crop&w=500&q=60,"Discuss reflect card believe risk staff court. Song study girl on religious guess.
Floor author meet season. I people environmental TV other impact. Give local which seat analysis free sea.",1,7,4,2021-12-05 05:37:29.713365
95, deuxième,9.403341525338183,D17,https://images.unsplash.com/photo-1517705008128-361805f42e86?ixlib=rb-4.0.3&ixid=MnwxMjA3fDB8MHxzZWFyY2h8MjB8fGNoYWlyfGVufDB8fDB8fA%3D%3D&auto=format&fit=crop&w=500&q=60,https://images.unsplash.com/photo-1586023492125-27b2c045efd7?ixlib=rb-4.0.3&ixid=MnwxMjA3fDB8MHxzZWFyY2h8MTh8fGNoYWlyfGVufDB8fDB8fA%3D%3D&auto=format&fit=crop&w=500&q=60,"According yet it pressure establish.
Federal response nor everything box wonder near fire. Police Mr value message.",2,2,4,2021-06-27 05:37:29.713365
96, jonquille,3.128224376693811,D18,https://images.unsplash.com/photo-1517705008128-361805f42e86?ixlib=rb-4.0.3&ixid=MnwxMjA3fDB8MHxzZWFyY2h8MjB8fGNoYWlyfGVufDB8fDB8fA%3D%3D&auto=format&fit=crop&w=500&q=60,https://images.unsplash.com/photo-1586023492125-27b2c045efd7?ixlib=rb-4.0.3&ixid=MnwxMjA3fDB8MHxzZWFyY2h8MTh8fGNoYWlyfGVufDB8fDB8fA%3D%3D&auto=format&fit=crop&w=500&q=60,"Over according discuss leader. Show tell guy people hospital police significant. Set second see language.
Probably event front but someone guess conference. Each first stuff certain guy.",4,3,4,2020-12-16 05:37:29.713365
97, poisson,44.90971887916503,D19,https://images.unsplash.com/photo-1517705008128-361805f42e86?ixlib=rb-4.0.3&ixid=MnwxMjA3fDB8MHxzZWFyY2h8MjB8fGNoYWlyfGVufDB8fDB8fA%3D%3D&auto=format&fit=crop&w=500&q=60,https://images.unsplash.com/photo-1586023492125-27b2c045efd7?ixlib=rb-4.0.3&ixid=MnwxMjA3fDB8MHxzZWFyY2h8MTh8fGNoYWlyfGVufDB8fDB8fA%3D%3D&auto=format&fit=crop&w=500&q=60,"Night case official above myself why staff. Whether take buy with. Matter present catch officer daughter paper.
Look evidence structure. And capital art population simply.",1,1,4,2020-11-28 05:37:29.713365
98, troisième,44.083554083711874,D20,https://images.unsplash.com/photo-1517705008128-361805f42e86?ixlib=rb-4.0.3&ixid=MnwxMjA3fDB8MHxzZWFyY2h8MjB8fGNoYWlyfGVufDB8fDB8fA%3D%3D&auto=format&fit=crop&w=500&q=60,https://images.unsplash.com/photo-1586023492125-27b2c045efd7?ixlib=rb-4.0.3&ixid=MnwxMjA3fDB8MHxzZWFyY2h8MTh8fGNoYWlyfGVufDB8fDB8fA%3D%3D&auto=format&fit=crop&w=500&q=60,"Time arrive defense result write whole. College third worry school. Him stop according person relationship compare.
Really science system from provide. Single old later table able mention theory.",4,10,4,2022-07-03 05:37:29.713365
99, Le Monde,94.55267972221378,D21,https://images.unsplash.com/photo-1517705008128-361805f42e86?ixlib=rb-4.0.3&ixid=MnwxMjA3fDB8MHxzZWFyY2h8MjB8fGNoYWlyfGVufDB8fDB8fA%3D%3D&auto=format&fit=crop&w=500&q=60,https://images.unsplash.com/photo-1586023492125-27b2c045efd7?ixlib=rb-4.0.3&ixid=MnwxMjA3fDB8MHxzZWFyY2h8MTh8fGNoYWlyfGVufDB8fDB8fA%3D%3D&auto=format&fit=crop&w=500&q=60,"Explain prove west race. Month national sit fast.
Vote environment within history month. Student whether help court. Above because third ever kitchen stand. Least his research church.",4,3,4,2021-05-31 05:37:29.713365
100, La Croix,81.1580899482842,D22,https://images.unsplash.com/photo-1517705008128-361805f42e86?ixlib=rb-4.0.3&ixid=MnwxMjA3fDB8MHxzZWFyY2h8MjB8fGNoYWlyfGVufDB8fDB8fA%3D%3D&auto=format&fit=crop&w=500&q=60,https://images.unsplash.com/photo-1586023492125-27b2c045efd7?ixlib=rb-4.0.3&ixid=MnwxMjA3fDB8MHxzZWFyY2h8MTh8fGNoYWlyfGVufDB8fDB8fA%3D%3D&auto=format&fit=crop&w=500&q=60,"Situation home trial great hundred continue crime. Successful player already talk might back south.
So thank deep protect. Share military onto wait.",0,1,4,2021-02-02 05:37:29.713365
101, Le Parisien,81.59013556225928,D23,https://images.unsplash.com/photo-1517705008128-361805f42e86?ixlib=rb-4.0.3&ixid=MnwxMjA3fDB8MHxzZWFyY2h8MjB8fGNoYWlyfGVufDB8fDB8fA%3D%3D&auto=format&fit=crop&w=500&q=60,https://images.unsplash.com/photo-1586023492125-27b2c045efd7?ixlib=rb-4.0.3&ixid=MnwxMjA3fDB8MHxzZWFyY2h8MTh8fGNoYWlyfGVufDB8fDB8fA%3D%3D&auto=format&fit=crop&w=500&q=60,Himself glass let class yard professional follow. Term both raise personal modern walk. Despite unit course participant history each memory. Social artist agreement learn crime above require.,4,3,4,2022-02-01 05:37:29.713365
102, le plus,90.53580552716043,D24,https://images.unsplash.com/photo-1517705008128-361805f42e86?ixlib=rb-4.0.3&ixid=MnwxMjA3fDB8MHxzZWFyY2h8MjB8fGNoYWlyfGVufDB8fDB8fA%3D%3D&auto=format&fit=crop&w=500&q=60,https://images.unsplash.com/photo-1586023492125-27b2c045efd7?ixlib=rb-4.0.3&ixid=MnwxMjA3fDB8MHxzZWFyY2h8MTh8fGNoYWlyfGVufDB8fDB8fA%3D%3D&auto=format&fit=crop&w=500&q=60,"Reason poor tend employee compare. None suddenly reflect appear police no lawyer rock.
Once method entire particular listen country approach. Quite tax evidence stand hand time.",4,7,4,2022-02-22 05:37:29.713365
103, de la guerre,95.60157330491059,D25,https://images.unsplash.com/photo-1517705008128-361805f42e86?ixlib=rb-4.0.3&ixid=MnwxMjA3fDB8MHxzZWFyY2h8MjB8fGNoYWlyfGVufDB8fDB8fA%3D%3D&auto=format&fit=crop&w=500&q=60,https://images.unsplash.com/photo-1586023492125-27b2c045efd7?ixlib=rb-4.0.3&ixid=MnwxMjA3fDB8MHxzZWFyY2h8MTh8fGNoYWlyfGVufDB8fDB8fA%3D%3D&auto=format&fit=crop&w=500&q=60,"Doctor somebody long director student parent information organization. Month floor final.
Just culture sell kind. Water laugh to sound per.",1,4,4,2020-07-12 05:37:29.713365
104, les école,55.656693034461455,E0,https://images.unsplash.com/photo-1517705008128-361805f42e86?ixlib=rb-4.0.3&ixid=MnwxMjA3fDB8MHxzZWFyY2h8MjB8fGNoYWlyfGVufDB8fDB8fA%3D%3D&auto=format&fit=crop&w=500&q=60,https://images.unsplash.com/photo-1586023492125-27b2c045efd7?ixlib=rb-4.0.3&ixid=MnwxMjA3fDB8MHxzZWFyY2h8MTh8fGNoYWlyfGVufDB8fDB8fA%3D%3D&auto=format&fit=crop&w=500&q=60,"Rate compare act already cold north the bill.
Opportunity school society fish by thus data bag. Pull mean produce man sit summer. Word hand could top marriage even.",3,7,5,2020-12-24 05:37:29.713365
105, lundi,83.36311424975176,E1,https://images.unsplash.com/photo-1517705008128-361805f42e86?ixlib=rb-4.0.3&ixid=MnwxMjA3fDB8MHxzZWFyY2h8MjB8fGNoYWlyfGVufDB8fDB8fA%3D%3D&auto=format&fit=crop&w=500&q=60,https://images.unsplash.com/photo-1586023492125-27b2c045efd7?ixlib=rb-4.0.3&ixid=MnwxMjA3fDB8MHxzZWFyY2h8MTh8fGNoYWlyfGVufDB8fDB8fA%3D%3D&auto=format&fit=crop&w=500&q=60,Region three relate only box discover lawyer. Memory board others lay school. Imagine provide federal medical door.,1,5,5,2021-02-11 05:37:29.713365
106, le froid,25.71406382443282,E2,https://images.unsplash.com/photo-1517705008128-361805f42e86?ixlib=rb-4.0.3&ixid=MnwxMjA3fDB8MHxzZWFyY2h8MjB8fGNoYWlyfGVufDB8fDB8fA%3D%3D&auto=format&fit=crop&w=500&q=60,https://images.unsplash.com/photo-1586023492125-27b2c045efd7?ixlib=rb-4.0.3&ixid=MnwxMjA3fDB8MHxzZWFyY2h8MTh8fGNoYWlyfGVufDB8fDB8fA%3D%3D&auto=format&fit=crop&w=500&q=60,"Section town make black south adult.
Produce teach relate movie pattern sure. Address finish particularly culture. Recent a ten which seven your.",4,0,5,2022-03-31 05:37:29.713365
107, montagne,12.25993324461454,E3,https://images.unsplash.com/photo-1517705008128-361805f42e86?ixlib=rb-4.0.3&ixid=MnwxMjA3fDB8MHxzZWFyY2h8MjB8fGNoYWlyfGVufDB8fDB8fA%3D%3D&auto=format&fit=crop&w=500&q=60,https://images.unsplash.com/photo-1586023492125-27b2c045efd7?ixlib=rb-4.0.3&ixid=MnwxMjA3fDB8MHxzZWFyY2h8MTh8fGNoYWlyfGVufDB8fDB8fA%3D%3D&auto=format&fit=crop&w=500&q=60,Her argue against music resource value surface. He arm drug general. Card bill structure know possible able.,5,10,5,2022-02-25 05:37:29.713365
108, la neige,55.57869631400112,E4,https://images.unsplash.com/photo-1517705008128-361805f42e86?ixlib=rb-4.0.3&ixid=MnwxMjA3fDB8MHxzZWFyY2h8MjB8fGNoYWlyfGVufDB8fDB8fA%3D%3D&auto=format&fit=crop&w=500&q=60,https://images.unsplash.com/photo-1586023492125-27b2c045efd7?ixlib=rb-4.0.3&ixid=MnwxMjA3fDB8MHxzZWFyY2h8MTh8fGNoYWlyfGVufDB8fDB8fA%3D%3D&auto=format&fit=crop&w=500&q=60,Several worry buy force common. Bank without car few term must realize.,1,0,5,2020-05-11 05:37:29.713365
109, la présentation,58.090683169495435,E5,https://images.unsplash.com/photo-1517705008128-361805f42e86?ixlib=rb-4.0.3&ixid=MnwxMjA3fDB8MHxzZWFyY2h8MjB8fGNoYWlyfGVufDB8fDB8fA%3D%3D&auto=format&fit=crop&w=500&q=60,https://images.unsplash.com/photo-1586023492125-27b2c045efd7?ixlib=rb-4.0.3&ixid=MnwxMjA3fDB8MHxzZWFyY2h8MTh8fGNoYWlyfGVufDB8fDB8fA%3D%3D&auto=format&fit=crop&w=500&q=60,"Set well agree personal make side yourself. People black talk support.
Full process weight staff popular street. Stuff difficult force effort region government site. All draw hope debate.",4,5,5,2022-10-02 05:37:29.713365
110, décembre,18.39252127356761,E6,https://images.unsplash.com/photo-1517705008128-361805f42e86?ixlib=rb-4.0.3&ixid=MnwxMjA3fDB8MHxzZWFyY2h8MjB8fGNoYWlyfGVufDB8fDB8fA%3D%3D&auto=format&fit=crop&w=500&q=60,https://images.unsplash.com/photo-1586023492125-27b2c045efd7?ixlib=rb-4.0.3&ixid=MnwxMjA3fDB8MHxzZWFyY2h8MTh8fGNoYWlyfGVufDB8fDB8fA%3D%3D&auto=format&fit=crop&w=500&q=60,"Try food those time window organization others. Question along billion lawyer PM leave cultural.
Street actually entire it success. Race compare central real shake strong beautiful.",1,9,5,2022-05-23 05:37:29.713365
111, Découvrez,91.52568508834462,E7,https://images.unsplash.com/photo-1517705008128-361805f42e86?ixlib=rb-4.0.3&ixid=MnwxMjA3fDB8MHxzZWFyY2h8MjB8fGNoYWlyfGVufDB8fDB8fA%3D%3D&auto=format&fit=crop&w=500&q=60,https://images.unsplash.com/photo-1586023492125-27b2c045efd7?ixlib=rb-4.0.3&ixid=MnwxMjA3fDB8MHxzZWFyY2h8MTh8fGNoYWlyfGVufDB8fDB8fA%3D%3D&auto=format&fit=crop&w=500&q=60,After box end. Throughout since drug responsibility commercial a finally.,4,3,5,2022-08-12 05:37:29.713365
112, le classement,94.0161720920072,E8,https://images.unsplash.com/photo-1517705008128-361805f42e86?ixlib=rb-4.0.3&ixid=MnwxMjA3fDB8MHxzZWFyY2h8MjB8fGNoYWlyfGVufDB8fDB8fA%3D%3D&auto=format&fit=crop&w=500&q=60,https://images.unsplash.com/photo-1586023492125-27b2c045efd7?ixlib=rb-4.0.3&ixid=MnwxMjA3fDB8MHxzZWFyY2h8MTh8fGNoYWlyfGVufDB8fDB8fA%3D%3D&auto=format&fit=crop&w=500&q=60,"Deep adult fall why no. Community yet back member early.
Mean school job alone second effort. Break officer follow watch wish general least.",5,9,5,2020-04-07 05:37:29.713365
113, Le centre-ville,96.22153159807078,E9,https://images.unsplash.com/photo-1517705008128-361805f42e86?ixlib=rb-4.0.3&ixid=MnwxMjA3fDB8MHxzZWFyY2h8MjB8fGNoYWlyfGVufDB8fDB8fA%3D%3D&auto=format&fit=crop&w=500&q=60,https://images.unsplash.com/photo-1586023492125-27b2c045efd7?ixlib=rb-4.0.3&ixid=MnwxMjA3fDB8MHxzZWFyY2h8MTh8fGNoYWlyfGVufDB8fDB8fA%3D%3D&auto=format&fit=crop&w=500&q=60,"That ok management manager figure might. Say subject must successful you draw.
Choice deal number much cut still. Poor mother fine author. Environmental fact weight cup place more.",2,6,5,2021-12-04 05:37:29.713365
114, La périphérie,11.386145594291609,E10,https://images.unsplash.com/photo-1517705008128-361805f42e86?ixlib=rb-4.0.3&ixid=MnwxMjA3fDB8MHxzZWFyY2h8MjB8fGNoYWlyfGVufDB8fDB8fA%3D%3D&auto=format&fit=crop&w=500&q=60,https://images.unsplash.com/photo-1586023492125-27b2c045efd7?ixlib=rb-4.0.3&ixid=MnwxMjA3fDB8MHxzZWFyY2h8MTh8fGNoYWlyfGVufDB8fDB8fA%3D%3D&auto=format&fit=crop&w=500&q=60,Develop fear main defense mission keep way. Mention risk street this future cell summer. Road argue blue set common.,3,10,5,2020-03-16 05:37:29.713365
115, explication,39.28876252912532,E11,https://images.unsplash.com/photo-1517705008128-361805f42e86?ixlib=rb-4.0.3&ixid=MnwxMjA3fDB8MHxzZWFyY2h8MjB8fGNoYWlyfGVufDB8fDB8fA%3D%3D&auto=format&fit=crop&w=500&q=60,https://images.unsplash.com/photo-1586023492125-27b2c045efd7?ixlib=rb-4.0.3&ixid=MnwxMjA3fDB8MHxzZWFyY2h8MTh8fGNoYWlyfGVufDB8fDB8fA%3D%3D&auto=format&fit=crop&w=500&q=60,"Establish able skin enough establish. Series science nothing city public. Recently travel morning deep member themselves to.
Leader seven machine home song. Apply else about effect member mind over.",2,9,5,2021-03-22 05:37:29.713365
116, aussi,49.616492605671624,E12,https://images.unsplash.com/photo-1517705008128-361805f42e86?ixlib=rb-4.0.3&ixid=MnwxMjA3fDB8MHxzZWFyY2h8MjB8fGNoYWlyfGVufDB8fDB8fA%3D%3D&auto=format&fit=crop&w=500&q=60,https://images.unsplash.com/photo-1586023492125-27b2c045efd7?ixlib=rb-4.0.3&ixid=MnwxMjA3fDB8MHxzZWFyY2h8MTh8fGNoYWlyfGVufDB8fDB8fA%3D%3D&auto=format&fit=crop&w=500&q=60,"Fly Republican role management as glass third. Deep agency speech.
Fire its note customer system back. Member every professor worker. Friend research college take every news citizen.",0,8,5,2020-09-21 05:37:29.713365
117, jusqu'à quand,61.085487413757264,E13,https://images.unsplash.com/photo-1517705008128-361805f42e86?ixlib=rb-4.0.3&ixid=MnwxMjA3fDB8MHxzZWFyY2h8MjB8fGNoYWlyfGVufDB8fDB8fA%3D%3D&auto=format&fit=crop&w=500&q=60,https://images.unsplash.com/photo-1586023492125-27b2c045efd7?ixlib=rb-4.0.3&ixid=MnwxMjA3fDB8MHxzZWFyY2h8MTh8fGNoYWlyfGVufDB8fDB8fA%3D%3D&auto=format&fit=crop&w=500&q=60,Than traditional method at green. Rock soon set watch shoulder become. Each claim line least rate.,2,3,5,2022-07-04 05:37:29.713365
118, Jardin,94.98307763181423,E14,https://images.unsplash.com/photo-1517705008128-361805f42e86?ixlib=rb-4.0.3&ixid=MnwxMjA3fDB8MHxzZWFyY2h8MjB8fGNoYWlyfGVufDB8fDB8fA%3D%3D&auto=format&fit=crop&w=500&q=60,https://images.unsplash.com/photo-1586023492125-27b2c045efd7?ixlib=rb-4.0.3&ixid=MnwxMjA3fDB8MHxzZWFyY2h8MTh8fGNoYWlyfGVufDB8fDB8fA%3D%3D&auto=format&fit=crop&w=500&q=60,"Executive director few wait half simply standard civil. Laugh imagine collection moment either.
Region job card prevent course peace local. Billion writer total walk. Receive also room.",1,9,5,2020-07-26 05:37:29.713365
119, Après la mort,33.54541689025153,E15,https://images.unsplash.com/photo-1517705008128-361805f42e86?ixlib=rb-4.0.3&ixid=MnwxMjA3fDB8MHxzZWFyY2h8MjB8fGNoYWlyfGVufDB8fDB8fA%3D%3D&auto=format&fit=crop&w=500&q=60,https://images.unsplash.com/photo-1586023492125-27b2c045efd7?ixlib=rb-4.0.3&ixid=MnwxMjA3fDB8MHxzZWFyY2h8MTh8fGNoYWlyfGVufDB8fDB8fA%3D%3D&auto=format&fit=crop&w=500&q=60,"Around season usually father who what.
Travel factor school. Project point some house street organization raise before. Yes most arrive. Order finish sister.",1,3,5,2021-01-07 05:37:29.713365
120, La Personnel,79.02286797047601,E16,https://images.unsplash.com/photo-1517705008128-361805f42e86?ixlib=rb-4.0.3&ixid=MnwxMjA3fDB8MHxzZWFyY2h8MjB8fGNoYWlyfGVufDB8fDB8fA%3D%3D&auto=format&fit=crop&w=500&q=60,https://images.unsplash.com/photo-1586023492125-27b2c045efd7?ixlib=rb-4.0.3&ixid=MnwxMjA3fDB8MHxzZWFyY2h8MTh8fGNoYWlyfGVufDB8fDB8fA%3D%3D&auto=format&fit=crop&w=500&q=60,"Election hard also rest item to loss. Begin must nice research old our suffer.
Condition top ability director up physical once. According or gun whether rate suffer customer end.",0,0,5,2021-02-23 05:37:29.713365
121, Le ministre,52.01910718936566,E17,https://images.unsplash.com/photo-1517705008128-361805f42e86?ixlib=rb-4.0.3&ixid=MnwxMjA3fDB8MHxzZWFyY2h8MjB8fGNoYWlyfGVufDB8fDB8fA%3D%3D&auto=format&fit=crop&w=500&q=60,https://images.unsplash.com/photo-1586023492125-27b2c045efd7?ixlib=rb-4.0.3&ixid=MnwxMjA3fDB8MHxzZWFyY2h8MTh8fGNoYWlyfGVufDB8fDB8fA%3D%3D&auto=format&fit=crop&w=500&q=60,"Case produce piece explain election challenge. Into soldier hear company morning next.
Time join idea shake save everyone matter. It activity stage series from. Half perhaps sister floor body.",1,9,5,2021-01-23 05:37:29.713365
122, Divergences,17.836500598784056,E18,https://images.unsplash.com/photo-1517705008128-361805f42e86?ixlib=rb-4.0.3&ixid=MnwxMjA3fDB8MHxzZWFyY2h8MjB8fGNoYWlyfGVufDB8fDB8fA%3D%3D&auto=format&fit=crop&w=500&q=60,https://images.unsplash.com/photo-1586023492125-27b2c045efd7?ixlib=rb-4.0.3&ixid=MnwxMjA3fDB8MHxzZWFyY2h8MTh8fGNoYWlyfGVufDB8fDB8fA%3D%3D&auto=format&fit=crop&w=500&q=60,Care Democrat exactly participant have ago according several. Face drop reflect page stuff recognize less.,5,9,5,2021-06-14 05:37:29.713365
123, Histoire,62.952754648965715,E19,https://images.unsplash.com/photo-1517705008128-361805f42e86?ixlib=rb-4.0.3&ixid=MnwxMjA3fDB8MHxzZWFyY2h8MjB8fGNoYWlyfGVufDB8fDB8fA%3D%3D&auto=format&fit=crop&w=500&q=60,https://images.unsplash.com/photo-1586023492125-27b2c045efd7?ixlib=rb-4.0.3&ixid=MnwxMjA3fDB8MHxzZWFyY2h8MTh8fGNoYWlyfGVufDB8fDB8fA%3D%3D&auto=format&fit=crop&w=500&q=60,"Low ten speech fact lay significant box. Four page develop admit.
Season bill live. Rather trouble teacher cause realize factor reach. Finally section include budget forget small actually.",3,2,5,2021-09-16 05:37:29.713365
124, Les États-Unis,74.48930270064255,E20,https://images.unsplash.com/photo-1517705008128-361805f42e86?ixlib=rb-4.0.3&ixid=MnwxMjA3fDB8MHxzZWFyY2h8MjB8fGNoYWlyfGVufDB8fDB8fA%3D%3D&auto=format&fit=crop&w=500&q=60,https://images.unsplash.com/photo-1586023492125-27b2c045efd7?ixlib=rb-4.0.3&ixid=MnwxMjA3fDB8MHxzZWFyY2h8MTh8fGNoYWlyfGVufDB8fDB8fA%3D%3D&auto=format&fit=crop&w=500&q=60,Last management author usually contain develop growth name. Up purpose return feeling operation.,4,5,5,2020-04-25 05:37:29.713365
125, Regarder,77.72633739838663,E21,https://images.unsplash.com/photo-1517705008128-361805f42e86?ixlib=rb-4.0.3&ixid=MnwxMjA3fDB8MHxzZWFyY2h8MjB8fGNoYWlyfGVufDB8fDB8fA%3D%3D&auto=format&fit=crop&w=500&q=60,https://images.unsplash.com/photo-1586023492125-27b2c045efd7?ixlib=rb-4.0.3&ixid=MnwxMjA3fDB8MHxzZWFyY2h8MTh8fGNoYWlyfGVufDB8fDB8fA%3D%3D&auto=format&fit=crop&w=500&q=60,Dream such bad military music. Sell bed outside increase rate many in. Unit themselves half table speech none.,3,5,5,2020-11-21 05:37:29.713365
126, Riches,56.56722272613133,E22,https://images.unsplash.com/photo-1517705008128-361805f42e86?ixlib=rb-4.0.3&ixid=MnwxMjA3fDB8MHxzZWFyY2h8MjB8fGNoYWlyfGVufDB8fDB8fA%3D%3D&auto=format&fit=crop&w=500&q=60,https://images.unsplash.com/photo-1586023492125-27b2c045efd7?ixlib=rb-4.0.3&ixid=MnwxMjA3fDB8MHxzZWFyY2h8MTh8fGNoYWlyfGVufDB8fDB8fA%3D%3D&auto=format&fit=crop&w=500&q=60,Have beat key open man traditional law. Health clearly life sure lot. Among station public history clearly early trouble. Nor view modern chair probably.,0,4,5,2022-09-21 05:37:29.713365
127, La classe,78.31682342747884,E23,https://images.unsplash.com/photo-1517705008128-361805f42e86?ixlib=rb-4.0.3&ixid=MnwxMjA3fDB8MHxzZWFyY2h8MjB8fGNoYWlyfGVufDB8fDB8fA%3D%3D&auto=format&fit=crop&w=500&q=60,https://images.unsplash.com/photo-1586023492125-27b2c045efd7?ixlib=rb-4.0.3&ixid=MnwxMjA3fDB8MHxzZWFyY2h8MTh8fGNoYWlyfGVufDB8fDB8fA%3D%3D&auto=format&fit=crop&w=500&q=60,That set down few should day. Institution mouth simple director interesting. Really radio specific improve surface citizen.,0,7,5,2020-05-08 05:37:29.713365
128, Du terrain,48.01218420473439,E24,https://images.unsplash.com/photo-1517705008128-361805f42e86?ixlib=rb-4.0.3&ixid=MnwxMjA3fDB8MHxzZWFyY2h8MjB8fGNoYWlyfGVufDB8fDB8fA%3D%3D&auto=format&fit=crop&w=500&q=60,https://images.unsplash.com/photo-1586023492125-27b2c045efd7?ixlib=rb-4.0.3&ixid=MnwxMjA3fDB8MHxzZWFyY2h8MTh8fGNoYWlyfGVufDB8fDB8fA%3D%3D&auto=format&fit=crop&w=500&q=60,Force stop theory collection teacher goal before customer. Career according to. Season something stage young happy.,4,1,5,2020-02-20 05:37:29.713365
129, Directeur,98.09587595481707,E25,https://images.unsplash.com/photo-1517705008128-361805f42e86?ixlib=rb-4.0.3&ixid=MnwxMjA3fDB8MHxzZWFyY2h8MjB8fGNoYWlyfGVufDB8fDB8fA%3D%3D&auto=format&fit=crop&w=500&q=60,https://images.unsplash.com/photo-1586023492125-27b2c045efd7?ixlib=rb-4.0.3&ixid=MnwxMjA3fDB8MHxzZWFyY2h8MTh8fGNoYWlyfGVufDB8fDB8fA%3D%3D&auto=format&fit=crop&w=500&q=60,Scene focus everything organization. Deep set school story number. Full other certainly my company off also.,0,0,5,2020-04-18 05:37:29.713365
